class,bin,mean_pred,frac_real
H,1,0.20599670690852542,0.19767441860465115
H,2,0.35975896029971366,0.4186046511627907
H,3,0.4921568729156672,0.4069767441860465
H,4,0.600615936656331,0.4418604651162791
H,5,0.7168251116608464,0.627906976744186
D,1,0.15099637019772863,0.29069767441860467
D,2,0.1881134520436442,0.29069767441860467
D,3,0.21189993723880413,0.26744186046511625
D,4,0.2356786958353464,0.27906976744186046
D,5,0.2751339155920716,0.26744186046511625
A,1,0.12013191989687987,0.1511627906976744
A,2,0.1821910938204721,0.16279069767441862
A,3,0.26844331934008486,0.3488372093023256
A,4,0.4029944663824037,0.3488372093023256
A,5,0.5890632521274478,0.5
