match_id,date,home_team_id,away_team_id,home_goals,away_goals,result,played,split
0,2021-08-13,4,1,2.0,0.0,H,True,train
1,2021-08-14,6,5,1.0,2.0,A,True,train
2,2021-08-14,7,9,3.0,0.0,H,True,train
3,2021-08-14,10,24,3.0,1.0,H,True,train
4,2021-08-14,15,29,1.0,0.0,H,True,train
5,2021-08-14,19,14,5.0,1.0,H,True,train
6,2021-08-14,21,16,0.0,3.0,A,True,train
7,2021-08-14,27,2,3.0,2.0,H,True,train
8,2021-08-15,20,28,2.0,4.0,A,True,train
9,2021-08-15,26,18,1.0,0.0,H,True,train
10,2021-08-21,2,20,2.0,0.0,H,True,train
11,2021-08-21,5,27,2.0,0.0,H,True,train
12,2021-08-21,9,4,0.0,0.0,D,True,train
13,2021-08-21,14,10,2.0,2.0,D,True,train
14,2021-08-21,16,6,2.0,0.0,H,True,train
15,2021-08-21,18,21,5.0,0.0,H,True,train
16,2021-08-22,1,7,0.0,2.0,A,True,train
17,2021-08-22,24,19,1.0,1.0,D,True,train
18,2021-08-22,29,26,0.0,1.0,A,True,train
19,2021-08-23,28,15,4.0,1.0,H,True,train
20,2021-08-28,2,4,1.0,1.0,D,True,train
21,2021-08-28,5,10,0.0,2.0,A,True,train
22,2021-08-28,16,7,1.0,1.0,D,True,train
23,2021-08-28,18,1,5.0,0.0,H,True,train
24,2021-08-28,20,24,2.0,2.0,D,True,train
25,2021-08-28,21,15,1.0,2.0,A,True,train
26,2021-08-28,28,9,2.0,2.0,D,True,train
27,2021-08-29,6,14,1.0,1.0,D,True,train
28,2021-08-29,26,27,1.0,0.0,H,True,train
29,2021-08-29,29,19,0.0,1.0,A,True,train
30,2021-09-11,1,21,1.0,0.0,H,True,train
31,2021-09-11,4,5,0.0,1.0,A,True,train
32,2021-09-11,7,2,3.0,0.0,H,True,train
33,2021-09-11,9,26,3.0,0.0,H,True,train
34,2021-09-11,15,18,0.0,1.0,A,True,train
35,2021-09-11,19,20,4.0,1.0,H,True,train
36,2021-09-11,24,28,0.0,0.0,D,True,train
37,2021-09-11,27,29,0.0,2.0,A,True,train
38,2021-09-12,14,16,0.0,3.0,A,True,train
39,2021-09-13,10,6,3.0,1.0,H,True,train
40,2021-09-17,20,14,1.0,1.0,D,True,train
41,2021-09-18,2,10,3.0,0.0,H,True,train
42,2021-09-18,6,1,0.0,1.0,A,True,train
43,2021-09-18,16,9,3.0,0.0,H,True,train
44,2021-09-18,18,24,0.0,0.0,D,True,train
45,2021-09-18,21,27,1.0,3.0,A,True,train
46,2021-09-18,29,4,0.0,2.0,A,True,train
47,2021-09-19,5,15,2.0,1.0,H,True,train
48,2021-09-19,26,7,0.0,3.0,A,True,train
49,2021-09-19,28,19,1.0,2.0,A,True,train
50,2021-09-25,4,16,3.0,3.0,D,True,train
51,2021-09-25,7,18,0.0,1.0,A,True,train
52,2021-09-25,10,21,2.0,0.0,H,True,train
53,2021-09-25,14,28,1.0,2.0,A,True,train
54,2021-09-25,15,6,2.0,2.0,D,True,train
55,2021-09-25,19,2,0.0,1.0,A,True,train
56,2021-09-25,27,20,1.0,1.0,D,True,train
57,2021-09-26,1,26,3.0,1.0,H,True,train
58,2021-09-26,24,29,0.0,1.0,A,True,train
59,2021-09-27,9,5,1.0,1.0,D,True,train
60,2021-10-02,5,1,0.0,0.0,D,True,train
61,2021-10-02,6,21,0.0,0.0,D,True,train
62,2021-10-02,7,24,3.0,1.0,H,True,train
63,2021-10-02,14,27,1.0,0.0,H,True,train
64,2021-10-02,19,10,1.0,1.0,D,True,train
65,2021-10-02,29,20,2.0,1.0,H,True,train
66,2021-10-03,9,15,2.0,2.0,D,True,train
67,2021-10-03,16,18,2.0,2.0,D,True,train
68,2021-10-03,26,2,2.0,1.0,H,True,train
69,2021-10-03,28,4,1.0,2.0,A,True,train
70,2021-10-16,2,29,2.0,3.0,A,True,train
71,2021-10-16,4,7,0.0,1.0,A,True,train
72,2021-10-16,15,19,4.0,2.0,H,True,train
73,2021-10-16,18,6,2.0,0.0,H,True,train
74,2021-10-16,21,5,0.0,0.0,D,True,train
75,2021-10-16,24,14,1.0,0.0,H,True,train
76,2021-10-16,27,16,0.0,5.0,A,True,train
77,2021-10-17,10,28,0.0,1.0,A,True,train
78,2021-10-17,20,26,2.0,3.0,A,True,train
79,2021-10-18,1,9,2.0,2.0,D,True,train
80,2021-10-22,1,2,3.0,1.0,H,True,train
81,2021-10-23,5,18,1.0,4.0,A,True,train
82,2021-10-23,7,21,7.0,0.0,H,True,train
83,2021-10-23,9,20,1.0,1.0,D,True,train
84,2021-10-23,10,27,2.0,5.0,A,True,train
85,2021-10-23,14,29,1.0,1.0,D,True,train
86,2021-10-23,24,6,2.0,2.0,D,True,train
87,2021-10-24,4,15,1.0,2.0,A,True,train
88,2021-10-24,19,16,0.0,5.0,A,True,train
89,2021-10-24,28,26,1.0,0.0,H,True,train
90,2021-10-30,6,4,3.0,1.0,H,True,train
91,2021-10-30,15,1,0.0,2.0,A,True,train
92,2021-10-30,16,5,2.0,2.0,D,True,train
93,2021-10-30,18,9,0.0,2.0,A,True,train
94,2021-10-30,20,7,0.0,3.0,A,True,train
95,2021-10-30,26,19,0.0,3.0,A,True,train
96,2021-10-30,27,24,0.0,1.0,A,True,train
97,2021-10-31,2,28,1.0,4.0,A,True,train
98,2021-10-31,21,14,1.0,2.0,A,True,train
99,2021-11-01,29,10,2.0,1.0,H,True,train
100,2021-11-05,24,2,1.0,0.0,H,True,train
101,2021-11-06,4,21,1.0,2.0,A,True,train
102,2021-11-06,5,20,1.0,1.0,D,True,train
103,2021-11-06,7,6,1.0,1.0,D,True,train
104,2021-11-06,9,29,2.0,0.0,H,True,train
105,2021-11-06,19,18,0.0,2.0,A,True,train
106,2021-11-07,1,27,1.0,0.0,H,True,train
107,2021-11-07,10,26,0.0,0.0,D,True,train
108,2021-11-07,14,15,1.0,1.0,D,True,train
109,2021-11-07,28,16,3.0,2.0,H,True,train
110,2021-11-20,2,5,2.0,0.0,H,True,train
111,2021-11-20,6,9,3.0,3.0,D,True,train
112,2021-11-20,15,7,0.0,3.0,A,True,train
113,2021-11-20,16,1,4.0,0.0,H,True,train
114,2021-11-20,20,4,3.0,3.0,D,True,train
115,2021-11-20,21,24,2.0,1.0,H,True,train
116,2021-11-20,27,19,4.0,1.0,H,True,train
117,2021-11-20,29,28,1.0,0.0,H,True,train
118,2021-11-21,18,10,3.0,0.0,H,True,train
119,2021-11-21,26,14,2.0,1.0,H,True,train
120,2021-11-27,1,20,2.0,0.0,H,True,train
121,2021-11-27,5,14,0.0,0.0,D,True,train
122,2021-11-27,9,2,1.0,2.0,A,True,train
123,2021-11-27,16,24,4.0,0.0,H,True,train
124,2021-11-27,21,29,0.0,0.0,D,True,train
125,2021-11-28,4,10,1.0,0.0,H,True,train
126,2021-11-28,7,19,1.0,1.0,D,True,train
127,2021-11-28,15,27,4.0,2.0,H,True,train
128,2021-11-28,18,28,2.0,1.0,H,True,train
129,2021-11-30,14,9,1.0,0.0,H,True,train
130,2021-11-30,20,21,1.0,1.0,D,True,train
131,2021-12-01,2,18,1.0,2.0,A,True,train
132,2021-12-01,10,16,1.0,4.0,A,True,train
133,2021-12-01,24,15,2.0,2.0,D,True,train
134,2021-12-01,27,7,1.0,2.0,A,True,train
135,2021-12-01,28,5,1.0,1.0,D,True,train
136,2021-12-01,29,6,0.0,0.0,D,True,train
137,2021-12-02,19,1,3.0,2.0,H,True,train
138,2021-12-02,26,4,2.0,0.0,H,True,train
139,2021-12-04,20,6,1.0,0.0,H,True,train
140,2021-12-04,24,5,1.0,1.0,D,True,train
141,2021-12-04,27,18,1.0,3.0,A,True,train
142,2021-12-04,28,7,3.0,2.0,H,True,train
143,2021-12-04,29,16,0.0,1.0,A,True,train
144,2021-12-05,2,15,2.0,1.0,H,True,train
145,2021-12-05,14,4,2.0,2.0,D,True,train
146,2021-12-05,19,9,1.0,0.0,H,True,train
147,2021-12-05,26,21,3.0,0.0,H,True,train
148,2021-12-06,10,1,2.0,1.0,H,True,train
149,2021-12-10,4,27,2.0,1.0,H,True,train
150,2021-12-11,1,24,3.0,0.0,H,True,train
151,2021-12-11,7,14,3.0,2.0,H,True,train
152,2021-12-11,16,2,1.0,0.0,H,True,train
153,2021-12-11,18,29,1.0,0.0,H,True,train
154,2021-12-11,21,19,0.0,1.0,A,True,train
155,2021-12-12,6,28,0.0,0.0,D,True,train
156,2021-12-12,9,10,3.0,1.0,H,True,train
157,2021-12-12,15,20,4.0,0.0,H,True,train
158,2021-12-14,18,14,7.0,0.0,H,True,train
159,2021-12-14,21,2,0.0,2.0,A,True,train
160,2021-12-15,1,28,2.0,0.0,H,True,train
161,2021-12-15,5,29,0.0,1.0,A,True,train
162,2021-12-15,9,24,2.0,2.0,D,True,train
163,2021-12-16,7,10,1.0,1.0,D,True,train
164,2021-12-16,16,20,3.0,1.0,H,True,train
165,2021-12-18,14,1,1.0,4.0,A,True,train
166,2021-12-19,20,18,0.0,4.0,A,True,train
167,2021-12-19,26,16,2.0,2.0,D,True,train
168,2021-12-19,29,7,0.0,0.0,D,True,train
169,2021-12-26,2,7,1.0,3.0,A,True,train
170,2021-12-26,5,4,2.0,0.0,H,True,train
171,2021-12-26,18,15,6.0,3.0,H,True,train
172,2021-12-26,21,1,0.0,5.0,A,True,train
173,2021-12-26,26,9,3.0,0.0,H,True,train
174,2021-12-26,28,24,2.0,3.0,A,True,train
175,2021-12-27,20,19,1.0,1.0,D,True,train
176,2021-12-28,9,21,3.0,0.0,H,True,train
177,2021-12-28,15,16,1.0,0.0,H,True,train
178,2021-12-28,24,26,1.0,1.0,D,True,train
179,2021-12-28,27,28,1.0,4.0,A,True,train
180,2021-12-29,4,18,0.0,1.0,A,True,train
181,2021-12-29,7,5,1.0,1.0,D,True,train
182,2021-12-30,19,6,3.0,1.0,H,True,train
183,2022-01-01,1,18,1.0,2.0,A,True,train
184,2022-01-01,9,28,2.0,3.0,A,True,train
185,2022-01-01,27,26,0.0,1.0,A,True,train
186,2022-01-02,4,2,2.0,1.0,H,True,train
187,2022-01-02,7,16,2.0,2.0,D,True,train
188,2022-01-02,10,5,2.0,3.0,A,True,train
189,2022-01-02,14,6,3.0,1.0,H,True,train
190,2022-01-03,19,29,0.0,1.0,A,True,train
191,2022-01-11,24,4,4.0,1.0,H,True,train
192,2022-01-12,28,21,2.0,0.0,H,True,train
193,2022-01-14,5,9,1.0,1.0,D,True,train
194,2022-01-15,2,19,2.0,2.0,D,True,train
195,2022-01-15,18,7,1.0,0.0,H,True,train
196,2022-01-15,20,27,1.0,1.0,D,True,train
197,2022-01-15,21,10,2.0,1.0,H,True,train
198,2022-01-15,29,24,3.0,1.0,H,True,train
199,2022-01-16,16,4,3.0,0.0,H,True,train
200,2022-01-16,28,14,2.0,3.0,A,True,train
201,2022-01-18,5,7,1.0,1.0,D,True,train
202,2022-01-19,4,19,1.0,3.0,A,True,train
203,2022-01-19,15,26,2.0,3.0,A,True,train
204,2022-01-21,27,21,0.0,3.0,A,True,train
205,2022-01-22,4,29,1.0,2.0,A,True,train
206,2022-01-22,10,2,0.0,1.0,A,True,train
207,2022-01-22,14,20,0.0,1.0,A,True,train
208,2022-01-22,19,28,1.0,0.0,H,True,train
209,2022-01-22,24,18,1.0,1.0,D,True,train
210,2022-01-23,1,6,0.0,0.0,D,True,train
211,2022-01-23,7,26,2.0,0.0,H,True,train
212,2022-01-23,9,16,1.0,3.0,A,True,train
213,2022-01-23,15,5,1.0,1.0,D,True,train
214,2022-02-05,6,27,0.0,0.0,D,True,train
215,2022-02-08,6,19,1.0,1.0,D,True,train
216,2022-02-08,20,10,3.0,1.0,H,True,train
217,2022-02-08,28,27,1.0,0.0,H,True,train
218,2022-02-09,2,14,3.0,3.0,D,True,train
219,2022-02-09,18,4,2.0,0.0,H,True,train
220,2022-02-09,21,9,1.0,1.0,D,True,train
221,2022-02-09,26,24,2.0,3.0,A,True,train
222,2022-02-10,16,15,2.0,0.0,H,True,train
223,2022-02-10,29,1,0.0,1.0,A,True,train
224,2022-02-12,4,9,0.0,0.0,D,True,train
225,2022-02-12,10,14,3.0,0.0,H,True,train
226,2022-02-12,19,24,1.0,1.0,D,True,train
227,2022-02-12,21,18,0.0,4.0,A,True,train
228,2022-02-12,27,5,0.0,2.0,A,True,train
229,2022-02-13,6,16,0.0,1.0,A,True,train
230,2022-02-13,15,28,2.0,2.0,D,True,train
231,2022-02-13,20,2,1.0,0.0,H,True,train
232,2022-02-13,26,29,0.0,2.0,A,True,train
233,2022-02-15,19,5,2.0,0.0,H,True,train
234,2022-02-19,1,4,2.0,1.0,H,True,train
235,2022-02-19,2,27,0.0,1.0,A,True,train
236,2022-02-19,5,6,0.0,3.0,A,True,train
237,2022-02-19,9,7,0.0,1.0,A,True,train
238,2022-02-19,16,21,3.0,1.0,H,True,train
239,2022-02-19,18,26,2.0,3.0,A,True,train
240,2022-02-19,24,10,2.0,0.0,H,True,train
241,2022-02-19,28,20,1.0,1.0,D,True,train
242,2022-02-20,14,19,2.0,4.0,A,True,train
243,2022-02-20,29,15,2.0,1.0,H,True,train
244,2022-02-23,6,26,1.0,0.0,H,True,train
245,2022-02-23,16,14,6.0,0.0,H,True,train
246,2022-02-23,27,9,1.0,4.0,A,True,train
247,2022-02-24,1,29,2.0,1.0,H,True,train
248,2022-02-25,24,21,2.0,0.0,H,True,train
249,2022-02-26,4,20,0.0,2.0,A,True,train
250,2022-02-26,5,2,0.0,2.0,A,True,train
251,2022-02-26,9,6,1.0,1.0,D,True,train
252,2022-02-26,10,18,0.0,1.0,A,True,train
253,2022-02-26,14,26,0.0,4.0,A,True,train
254,2022-02-26,19,27,0.0,0.0,D,True,train
255,2022-02-27,28,29,1.0,0.0,H,True,train
256,2022-03-01,6,15,0.0,2.0,A,True,train
257,2022-03-05,2,24,4.0,0.0,H,True,train
258,2022-03-05,6,7,0.0,4.0,A,True,train
259,2022-03-05,15,14,1.0,0.0,H,True,train
260,2022-03-05,16,28,1.0,0.0,H,True,train
261,2022-03-05,20,5,2.0,1.0,H,True,train
262,2022-03-05,21,4,1.0,3.0,A,True,train
263,2022-03-05,29,9,0.0,2.0,A,True,train
264,2022-03-06,18,19,4.0,1.0,H,True,train
265,2022-03-06,27,1,2.0,3.0,A,True,train
266,2022-03-07,26,10,5.0,0.0,H,True,train
267,2022-03-10,14,2,0.0,3.0,A,True,train
268,2022-03-10,21,7,1.0,3.0,A,True,train
269,2022-03-10,24,20,1.0,2.0,A,True,train
270,2022-03-10,29,27,4.0,0.0,H,True,train
271,2022-03-12,4,6,2.0,0.0,H,True,train
272,2022-03-12,5,16,0.0,2.0,A,True,train
273,2022-03-12,19,26,3.0,2.0,H,True,train
274,2022-03-13,1,15,2.0,0.0,H,True,train
275,2022-03-13,7,20,1.0,0.0,H,True,train
276,2022-03-13,10,29,0.0,1.0,A,True,train
277,2022-03-13,14,21,2.0,1.0,H,True,train
278,2022-03-13,24,27,1.0,2.0,A,True,train
279,2022-03-13,28,2,2.0,1.0,H,True,train
280,2022-03-14,9,18,0.0,0.0,D,True,train
281,2022-03-16,1,16,0.0,2.0,A,True,train
282,2022-03-16,5,26,0.0,2.0,A,True,train
283,2022-03-17,10,20,1.0,0.0,H,True,train
284,2022-03-18,29,14,2.0,3.0,A,True,train
285,2022-03-19,2,1,0.0,1.0,A,True,train
286,2022-03-20,15,4,2.0,1.0,H,True,train
287,2022-03-20,26,28,3.0,1.0,H,True,train
288,2022-04-02,5,21,0.0,0.0,D,True,train
289,2022-04-02,6,18,0.0,2.0,A,True,train
290,2022-04-02,7,4,1.0,4.0,A,True,train
291,2022-04-02,14,24,1.0,1.0,D,True,train
292,2022-04-02,16,27,2.0,0.0,H,True,train
293,2022-04-02,19,15,1.0,1.0,D,True,train
294,2022-04-02,29,2,2.0,1.0,H,True,train
295,2022-04-03,26,20,5.0,1.0,H,True,train
296,2022-04-03,28,10,2.0,1.0,H,True,train
297,2022-04-04,9,1,3.0,0.0,H,True,train
298,2022-04-06,6,10,3.0,2.0,H,True,train
299,2022-04-08,20,29,1.0,0.0,H,True,train
300,2022-04-09,1,5,1.0,2.0,A,True,train
301,2022-04-09,2,26,0.0,4.0,A,True,train
302,2022-04-09,10,19,1.0,0.0,H,True,train
303,2022-04-09,24,7,0.0,6.0,A,True,train
304,2022-04-09,27,14,0.0,3.0,A,True,train
305,2022-04-10,4,28,2.0,0.0,H,True,train
306,2022-04-10,15,9,2.0,1.0,H,True,train
307,2022-04-10,18,16,2.0,2.0,D,True,train
308,2022-04-10,21,6,2.0,0.0,H,True,train
309,2022-04-16,19,21,3.0,2.0,H,True,train
310,2022-04-16,24,1,1.0,0.0,H,True,train
311,2022-04-16,26,5,0.0,1.0,A,True,train
312,2022-04-16,27,4,1.0,2.0,A,True,train
313,2022-04-17,20,15,2.0,1.0,H,True,train
314,2022-04-17,28,6,1.0,1.0,D,True,train
315,2022-04-19,16,19,4.0,0.0,H,True,train
316,2022-04-20,7,1,2.0,4.0,A,True,train
317,2022-04-20,10,15,1.0,1.0,D,True,train
318,2022-04-20,18,5,3.0,0.0,H,True,train
319,2022-04-20,20,9,1.0,0.0,H,True,train
320,2022-04-21,6,24,2.0,0.0,H,True,train
321,2022-04-23,1,19,3.0,1.0,H,True,train
322,2022-04-23,4,26,0.0,0.0,D,True,train
323,2022-04-23,15,2,0.0,0.0,D,True,train
324,2022-04-23,18,27,5.0,1.0,H,True,train
325,2022-04-23,21,20,0.0,3.0,A,True,train
326,2022-04-24,5,24,2.0,2.0,D,True,train
327,2022-04-24,6,29,1.0,0.0,H,True,train
328,2022-04-24,7,28,1.0,0.0,H,True,train
329,2022-04-24,16,10,2.0,0.0,H,True,train
330,2022-04-25,9,14,0.0,0.0,D,True,train
331,2022-04-28,19,7,1.0,1.0,D,True,train
332,2022-04-30,2,21,2.0,0.0,H,True,train
333,2022-04-30,14,18,0.0,4.0,A,True,train
334,2022-04-30,20,16,0.0,1.0,A,True,train
335,2022-04-30,24,9,1.0,2.0,A,True,train
336,2022-04-30,27,6,1.0,2.0,A,True,train
337,2022-04-30,29,5,0.0,3.0,A,True,train
338,2022-05-01,10,7,1.0,0.0,H,True,train
339,2022-05-01,26,15,3.0,1.0,H,True,train
340,2022-05-01,28,1,1.0,2.0,A,True,train
341,2022-05-02,19,4,3.0,0.0,H,True,train
342,2022-05-07,4,24,3.0,0.0,H,True,train
343,2022-05-07,5,19,4.0,0.0,H,True,train
344,2022-05-07,6,2,1.0,3.0,A,True,train
345,2022-05-07,7,29,2.0,2.0,D,True,train
346,2022-05-07,9,27,1.0,0.0,H,True,train
347,2022-05-07,16,26,1.0,1.0,D,True,train
348,2022-05-08,1,14,2.0,1.0,H,True,train
349,2022-05-08,15,10,1.0,2.0,A,True,train
350,2022-05-08,18,20,5.0,0.0,H,True,train
351,2022-05-08,21,28,0.0,4.0,A,True,train
352,2022-05-10,2,16,1.0,2.0,A,True,train
353,2022-05-11,14,7,0.0,3.0,A,True,train
354,2022-05-11,15,21,3.0,0.0,H,True,train
355,2022-05-11,27,10,0.0,0.0,D,True,train
356,2022-05-11,29,18,1.0,5.0,A,True,train
357,2022-05-12,26,1,3.0,0.0,H,True,train
358,2022-05-15,2,9,1.0,1.0,D,True,train
359,2022-05-15,10,4,2.0,3.0,A,True,train
360,2022-05-15,14,5,1.0,1.0,D,True,train
361,2022-05-15,26,6,1.0,0.0,H,True,train
362,2022-05-15,27,15,1.0,5.0,A,True,train
363,2022-05-15,28,18,2.0,2.0,D,True,train
364,2022-05-15,29,21,1.0,1.0,D,True,train
365,2022-05-16,20,1,2.0,0.0,H,True,train
366,2022-05-17,24,16,1.0,2.0,A,True,train
367,2022-05-19,2,6,1.0,1.0,D,True,train
368,2022-05-19,7,15,1.0,1.0,D,True,train
369,2022-05-19,10,9,3.0,2.0,H,True,train
370,2022-05-22,1,10,5.0,1.0,H,True,train
371,2022-05-22,4,14,1.0,2.0,A,True,train
372,2022-05-22,5,28,3.0,1.0,H,True,train
373,2022-05-22,6,20,1.0,2.0,A,True,train
374,2022-05-22,7,27,2.0,1.0,H,True,train
375,2022-05-22,9,19,1.0,0.0,H,True,train
376,2022-05-22,15,24,4.0,1.0,H,True,train
377,2022-05-22,16,29,3.0,1.0,H,True,train
378,2022-05-22,18,2,3.0,2.0,H,True,train
379,2022-05-22,21,26,0.0,5.0,A,True,train
380,2022-08-05,9,1,0.0,2.0,A,True,train
381,2022-08-06,3,2,2.0,0.0,H,True,train
382,2022-08-06,10,7,0.0,1.0,A,True,train
383,2022-08-06,11,16,2.0,2.0,D,True,train
384,2022-08-06,14,29,2.0,1.0,H,True,train
385,2022-08-06,20,22,2.0,0.0,H,True,train
386,2022-08-06,26,24,4.0,1.0,H,True,train
387,2022-08-07,15,4,2.0,2.0,D,True,train
388,2022-08-07,19,5,1.0,2.0,A,True,train
389,2022-08-07,28,18,0.0,2.0,A,True,train
390,2022-08-13,1,15,4.0,2.0,H,True,train
391,2022-08-13,2,10,2.0,1.0,H,True,train
392,2022-08-13,4,19,4.0,0.0,H,True,train
393,2022-08-13,5,20,0.0,0.0,D,True,train
394,2022-08-13,18,3,4.0,0.0,H,True,train
395,2022-08-13,24,14,2.0,2.0,D,True,train
396,2022-08-13,29,11,0.0,0.0,D,True,train
397,2022-08-14,7,26,2.0,2.0,D,True,train
398,2022-08-14,22,28,1.0,0.0,H,True,train
399,2022-08-15,16,9,1.0,1.0,D,True,train
400,2022-08-20,3,1,0.0,3.0,A,True,train
401,2022-08-20,9,2,3.0,1.0,H,True,train
402,2022-08-20,10,22,1.0,1.0,D,True,train
403,2022-08-20,11,4,3.0,2.0,H,True,train
404,2022-08-20,15,24,1.0,2.0,A,True,train
405,2022-08-20,26,29,1.0,0.0,H,True,train
406,2022-08-21,14,7,3.0,0.0,H,True,train
407,2022-08-21,20,18,3.0,3.0,D,True,train
408,2022-08-21,28,5,0.0,2.0,A,True,train
409,2022-08-22,19,16,2.0,1.0,H,True,train
410,2022-08-27,1,11,2.0,1.0,H,True,train
411,2022-08-27,4,10,1.0,1.0,D,True,train
412,2022-08-27,5,14,1.0,0.0,H,True,train
413,2022-08-27,7,15,2.0,1.0,H,True,train
414,2022-08-27,16,3,9.0,0.0,H,True,train
415,2022-08-27,18,9,4.0,2.0,H,True,train
416,2022-08-27,24,19,0.0,1.0,A,True,train
417,2022-08-28,2,28,0.0,1.0,A,True,train
418,2022-08-28,22,26,0.0,2.0,A,True,train
419,2022-08-28,29,20,1.0,1.0,D,True,train
420,2022-08-30,9,4,1.0,1.0,D,True,train
421,2022-08-30,11,5,2.0,1.0,H,True,train
422,2022-08-30,14,10,1.0,1.0,D,True,train
423,2022-08-30,24,7,2.0,1.0,H,True,train
424,2022-08-31,1,2,2.0,1.0,H,True,train
425,2022-08-31,3,29,0.0,0.0,D,True,train
426,2022-08-31,16,20,2.0,1.0,H,True,train
427,2022-08-31,18,22,6.0,0.0,H,True,train
428,2022-08-31,28,26,1.0,1.0,D,True,train
429,2022-09-01,15,19,0.0,1.0,A,True,train
430,2022-09-03,2,18,1.0,1.0,D,True,train
431,2022-09-03,4,14,5.0,2.0,H,True,train
432,2022-09-03,7,28,2.0,1.0,H,True,train
433,2022-09-03,10,16,0.0,0.0,D,True,train
434,2022-09-03,20,9,0.0,0.0,D,True,train
435,2022-09-03,22,3,2.0,3.0,A,True,train
436,2022-09-03,26,11,2.0,1.0,H,True,train
437,2022-09-03,29,24,1.0,0.0,H,True,train
438,2022-09-04,5,15,5.0,2.0,H,True,train
439,2022-09-04,19,1,3.0,1.0,H,True,train
440,2022-09-16,2,24,1.0,0.0,H,True,train
441,2022-09-16,22,11,2.0,3.0,A,True,train
442,2022-09-17,20,3,1.0,1.0,D,True,train
443,2022-09-17,26,15,6.0,2.0,H,True,train
444,2022-09-17,29,18,0.0,3.0,A,True,train
445,2022-09-18,4,1,0.0,3.0,A,True,train
446,2022-09-18,10,28,1.0,0.0,H,True,train
447,2022-10-01,1,26,3.0,1.0,H,True,train
448,2022-10-01,3,4,0.0,0.0,D,True,train
449,2022-10-01,9,7,1.0,2.0,A,True,train
450,2022-10-01,11,20,1.0,4.0,A,True,train
451,2022-10-01,16,5,3.0,3.0,D,True,train
452,2022-10-01,24,10,1.0,2.0,A,True,train
453,2022-10-01,28,29,2.0,0.0,H,True,train
454,2022-10-02,14,2,0.0,0.0,D,True,train
455,2022-10-02,18,19,6.0,3.0,H,True,train
456,2022-10-03,15,22,4.0,0.0,H,True,train
457,2022-10-08,3,15,2.0,1.0,H,True,train
458,2022-10-08,5,26,0.0,1.0,A,True,train
459,2022-10-08,7,29,3.0,0.0,H,True,train
460,2022-10-08,18,24,4.0,0.0,H,True,train
461,2022-10-08,20,4,5.0,1.0,H,True,train
462,2022-10-09,1,16,3.0,2.0,H,True,train
463,2022-10-09,9,14,2.0,1.0,H,True,train
464,2022-10-09,10,19,1.0,2.0,A,True,train
465,2022-10-09,28,11,3.0,1.0,H,True,train
466,2022-10-10,22,2,1.0,1.0,D,True,train
467,2022-10-14,4,5,2.0,0.0,H,True,train
468,2022-10-15,11,3,2.0,2.0,D,True,train
469,2022-10-15,15,9,0.0,0.0,D,True,train
470,2022-10-15,26,10,2.0,0.0,H,True,train
471,2022-10-15,29,22,1.0,0.0,H,True,train
472,2022-10-16,2,7,0.0,2.0,A,True,train
473,2022-10-16,14,1,0.0,1.0,A,True,train
474,2022-10-16,16,18,1.0,0.0,H,True,train
475,2022-10-16,19,20,0.0,0.0,D,True,train
476,2022-10-16,24,28,1.0,1.0,D,True,train
477,2022-10-18,5,22,0.0,0.0,D,True,train
478,2022-10-18,9,29,2.0,1.0,H,True,train
479,2022-10-19,3,24,0.0,1.0,A,True,train
480,2022-10-19,4,7,0.0,0.0,D,True,train
481,2022-10-19,16,28,1.0,0.0,H,True,train
482,2022-10-19,19,26,2.0,0.0,H,True,train
483,2022-10-19,20,10,1.0,0.0,H,True,train
484,2022-10-20,11,2,3.0,0.0,H,True,train
485,2022-10-20,15,14,2.0,0.0,H,True,train
486,2022-10-22,7,19,1.0,1.0,D,True,train
487,2022-10-22,10,9,3.0,0.0,H,True,train
488,2022-10-22,18,5,3.0,1.0,H,True,train
489,2022-10-22,22,16,1.0,0.0,H,True,train
490,2022-10-23,2,4,4.0,0.0,H,True,train
491,2022-10-23,14,11,2.0,3.0,A,True,train
492,2022-10-23,24,1,1.0,1.0,D,True,train
493,2022-10-23,26,20,1.0,2.0,A,True,train
494,2022-10-23,29,15,0.0,4.0,A,True,train
495,2022-10-24,28,3,2.0,0.0,H,True,train
496,2022-10-29,3,26,2.0,3.0,A,True,train
497,2022-10-29,4,29,1.0,1.0,D,True,train
498,2022-10-29,5,7,4.0,1.0,H,True,train
499,2022-10-29,9,24,1.0,0.0,H,True,train
500,2022-10-29,11,10,0.0,0.0,D,True,train
501,2022-10-29,15,18,0.0,1.0,A,True,train
502,2022-10-29,16,14,1.0,2.0,A,True,train
503,2022-10-29,20,2,4.0,0.0,H,True,train
504,2022-10-30,1,22,5.0,0.0,H,True,train
505,2022-10-30,19,28,1.0,0.0,H,True,train
506,2022-11-05,10,15,0.0,2.0,A,True,train
507,2022-11-05,14,3,4.0,3.0,H,True,train
508,2022-11-05,18,11,2.0,1.0,H,True,train
509,2022-11-05,22,4,2.0,2.0,D,True,train
510,2022-11-05,29,5,2.0,3.0,A,True,train
511,2022-11-06,2,19,3.0,1.0,H,True,train
512,2022-11-06,7,1,0.0,1.0,A,True,train
513,2022-11-06,24,20,1.0,4.0,A,True,train
514,2022-11-06,26,16,1.0,2.0,A,True,train
515,2022-11-06,28,9,1.0,2.0,A,True,train
516,2022-11-12,3,10,3.0,0.0,H,True,train
517,2022-11-12,16,24,3.0,1.0,H,True,train
518,2022-11-12,18,4,1.0,2.0,A,True,train
519,2022-11-12,20,7,1.0,0.0,H,True,train
520,2022-11-12,22,9,1.0,0.0,H,True,train
521,2022-11-12,26,14,4.0,3.0,H,True,train
522,2022-11-12,28,15,0.0,2.0,A,True,train
523,2022-11-12,29,1,0.0,2.0,A,True,train
524,2022-11-13,5,2,1.0,2.0,A,True,train
525,2022-11-13,11,19,1.0,2.0,A,True,train
526,2022-12-26,1,28,3.0,1.0,H,True,train
527,2022-12-26,2,16,1.0,3.0,A,True,train
528,2022-12-26,4,26,2.0,2.0,D,True,train
529,2022-12-26,9,11,0.0,3.0,A,True,train
530,2022-12-26,10,29,1.0,2.0,A,True,train
531,2022-12-26,15,20,0.0,3.0,A,True,train
532,2022-12-26,24,5,1.0,3.0,A,True,train
533,2022-12-27,7,3,2.0,0.0,H,True,train
534,2022-12-27,19,22,3.0,0.0,H,True,train
535,2022-12-28,14,18,1.0,3.0,A,True,train
536,2022-12-30,16,15,2.0,1.0,H,True,train
537,2022-12-30,28,4,0.0,2.0,A,True,train
538,2022-12-31,3,9,0.0,2.0,A,True,train
539,2022-12-31,5,1,2.0,4.0,A,True,train
540,2022-12-31,11,24,2.0,1.0,H,True,train
541,2022-12-31,18,10,1.0,1.0,D,True,train
542,2022-12-31,20,14,0.0,0.0,D,True,train
543,2022-12-31,29,19,0.0,1.0,A,True,train
544,2023-01-01,22,7,1.0,1.0,D,True,train
545,2023-01-01,26,2,0.0,2.0,A,True,train
546,2023-01-02,4,16,3.0,1.0,H,True,train
547,2023-01-03,1,20,0.0,0.0,D,True,train
548,2023-01-03,10,5,1.0,4.0,A,True,train
549,2023-01-03,15,11,0.0,1.0,A,True,train
550,2023-01-03,19,3,3.0,0.0,H,True,train
551,2023-01-04,2,29,1.0,1.0,D,True,train
552,2023-01-04,9,26,0.0,4.0,A,True,train
553,2023-01-04,14,28,2.0,2.0,D,True,train
554,2023-01-04,24,22,0.0,1.0,A,True,train
555,2023-01-05,7,18,0.0,1.0,A,True,train
556,2023-01-12,11,7,2.0,1.0,H,True,train
557,2023-01-13,2,14,2.0,1.0,H,True,train
558,2023-01-14,4,3,2.0,0.0,H,True,train
559,2023-01-14,5,16,3.0,0.0,H,True,train
560,2023-01-14,10,24,1.0,2.0,A,True,train
561,2023-01-14,19,18,2.0,1.0,H,True,train
562,2023-01-14,22,15,2.0,0.0,H,True,train
563,2023-01-14,29,28,1.0,0.0,H,True,train
564,2023-01-15,7,9,1.0,0.0,H,True,train
565,2023-01-15,20,11,1.0,0.0,H,True,train
566,2023-01-15,26,1,0.0,2.0,A,True,train
567,2023-01-18,9,19,1.0,1.0,D,True,train
568,2023-01-19,18,26,4.0,2.0,H,True,train
569,2023-01-21,3,22,1.0,1.0,D,True,train
570,2023-01-21,9,20,0.0,0.0,D,True,train
571,2023-01-21,15,5,2.0,2.0,D,True,train
572,2023-01-21,16,7,0.0,0.0,D,True,train
573,2023-01-21,24,2,0.0,1.0,A,True,train
574,2023-01-21,28,10,2.0,0.0,H,True,train
575,2023-01-22,1,19,3.0,2.0,H,True,train
576,2023-01-22,14,4,0.0,0.0,D,True,train
577,2023-01-22,18,29,3.0,0.0,H,True,train
578,2023-01-23,11,26,0.0,1.0,A,True,train
579,2023-02-03,7,11,0.0,0.0,D,True,train
580,2023-02-04,2,15,2.0,4.0,A,True,train
581,2023-02-04,4,24,3.0,0.0,H,True,train
582,2023-02-04,5,3,1.0,0.0,H,True,train
583,2023-02-04,10,1,1.0,0.0,H,True,train
584,2023-02-04,19,9,2.0,1.0,H,True,train
585,2023-02-04,20,28,1.0,1.0,D,True,train
586,2023-02-04,29,16,3.0,0.0,H,True,train
587,2023-02-05,22,14,1.0,0.0,H,True,train
588,2023-02-05,26,18,1.0,0.0,H,True,train
589,2023-02-08,19,14,2.0,2.0,D,True,train
590,2023-02-11,1,4,1.0,1.0,D,True,train
591,2023-02-11,3,20,1.0,1.0,D,True,train
592,2023-02-11,9,5,1.0,1.0,D,True,train
593,2023-02-11,11,22,2.0,0.0,H,True,train
594,2023-02-11,15,26,4.0,1.0,H,True,train
595,2023-02-11,24,29,1.0,2.0,A,True,train
596,2023-02-11,28,7,1.0,1.0,D,True,train
597,2023-02-12,14,19,0.0,2.0,A,True,train
598,2023-02-12,18,2,3.0,1.0,H,True,train
599,2023-02-13,16,10,2.0,0.0,H,True,train
600,2023-02-15,1,18,1.0,3.0,A,True,train
601,2023-02-18,2,1,2.0,4.0,A,True,train
602,2023-02-18,4,9,1.0,1.0,D,True,train
603,2023-02-18,5,11,0.0,1.0,A,True,train
604,2023-02-18,7,24,0.0,1.0,A,True,train
605,2023-02-18,10,14,1.0,0.0,H,True,train
606,2023-02-18,20,16,0.0,2.0,A,True,train
607,2023-02-18,22,18,1.0,1.0,D,True,train
608,2023-02-18,29,3,0.0,1.0,A,True,train
609,2023-02-19,19,15,3.0,0.0,H,True,train
610,2023-02-19,26,28,2.0,0.0,H,True,train
611,2023-02-24,11,29,1.0,1.0,D,True,train
612,2023-02-25,3,18,1.0,4.0,A,True,train
613,2023-02-25,9,16,0.0,0.0,D,True,train
614,2023-02-25,10,2,0.0,2.0,A,True,train
615,2023-02-25,14,24,1.0,0.0,H,True,train
616,2023-02-25,15,1,0.0,1.0,A,True,train
617,2023-02-25,28,22,4.0,0.0,H,True,train
618,2023-02-26,26,7,2.0,0.0,H,True,train
619,2023-03-01,1,10,4.0,0.0,H,True,train
620,2023-03-01,16,29,2.0,0.0,H,True,train
621,2023-03-04,1,3,3.0,2.0,H,True,train
622,2023-03-04,2,9,1.0,0.0,H,True,train
623,2023-03-04,5,28,4.0,0.0,H,True,train
624,2023-03-04,7,14,1.0,0.0,H,True,train
625,2023-03-04,18,20,2.0,0.0,H,True,train
626,2023-03-04,24,15,1.0,0.0,H,True,train
627,2023-03-04,29,26,1.0,0.0,H,True,train
628,2023-03-05,16,19,7.0,0.0,H,True,train
629,2023-03-05,22,10,2.0,2.0,D,True,train
630,2023-03-06,4,11,3.0,2.0,H,True,train
631,2023-03-11,3,16,1.0,0.0,H,True,train
632,2023-03-11,9,18,0.0,1.0,A,True,train
633,2023-03-11,10,4,1.0,0.0,H,True,train
634,2023-03-11,14,5,2.0,2.0,D,True,train
635,2023-03-11,15,7,1.0,3.0,A,True,train
636,2023-03-11,26,22,3.0,1.0,H,True,train
637,2023-03-12,11,1,0.0,3.0,A,True,train
638,2023-03-12,19,24,0.0,0.0,D,True,train
639,2023-03-12,20,29,2.0,1.0,H,True,train
640,2023-03-12,28,2,1.0,1.0,D,True,train
641,2023-03-15,5,9,1.0,0.0,H,True,train
642,2023-03-15,24,4,0.0,2.0,A,True,train
643,2023-03-17,22,20,1.0,2.0,A,True,train
644,2023-03-18,2,3,3.0,0.0,H,True,train
645,2023-03-18,4,15,1.0,1.0,D,True,train
646,2023-03-18,7,10,2.0,2.0,D,True,train
647,2023-03-18,24,26,3.0,3.0,D,True,train
648,2023-03-18,29,14,2.0,4.0,A,True,train
649,2023-03-19,1,9,4.0,1.0,H,True,train
650,2023-04-01,1,14,4.0,1.0,H,True,train
651,2023-04-01,3,11,2.0,1.0,H,True,train
652,2023-04-01,5,4,3.0,3.0,D,True,train
653,2023-04-01,7,2,0.0,2.0,A,True,train
654,2023-04-01,9,15,2.0,1.0,H,True,train
655,2023-04-01,18,16,4.0,1.0,H,True,train
656,2023-04-01,22,29,1.0,1.0,D,True,train
657,2023-04-02,20,19,2.0,0.0,H,True,train
658,2023-04-02,28,24,1.0,0.0,H,True,train
659,2023-04-03,10,26,1.0,1.0,D,True,train
660,2023-04-04,3,5,0.0,2.0,A,True,train
661,2023-04-04,7,16,0.0,0.0,D,True,train
662,2023-04-04,14,22,2.0,1.0,H,True,train
663,2023-04-04,15,2,1.0,2.0,A,True,train
664,2023-04-05,19,4,1.0,0.0,H,True,train
665,2023-04-05,28,20,1.0,5.0,A,True,train
666,2023-04-08,2,22,2.0,0.0,H,True,train
667,2023-04-08,4,20,1.0,2.0,A,True,train
668,2023-04-08,11,28,0.0,1.0,A,True,train
669,2023-04-08,15,3,0.0,1.0,A,True,train
670,2023-04-08,19,10,2.0,0.0,H,True,train
671,2023-04-08,24,18,1.0,4.0,A,True,train
672,2023-04-08,26,5,2.0,1.0,H,True,train
673,2023-04-08,29,7,1.0,0.0,H,True,train
674,2023-04-09,14,9,1.0,5.0,A,True,train
675,2023-04-09,16,1,2.0,2.0,D,True,train
676,2023-04-15,2,20,3.0,0.0,H,True,train
677,2023-04-15,7,5,1.0,2.0,A,True,train
678,2023-04-15,10,11,1.0,3.0,A,True,train
679,2023-04-15,18,15,3.0,1.0,H,True,train
680,2023-04-15,24,9,0.0,2.0,A,True,train
681,2023-04-15,26,3,2.0,3.0,A,True,train
682,2023-04-15,29,4,2.0,0.0,H,True,train
683,2023-04-16,22,19,0.0,2.0,A,True,train
684,2023-04-16,28,1,2.0,2.0,D,True,train
685,2023-04-17,14,16,1.0,6.0,A,True,train
686,2023-04-21,1,24,3.0,3.0,D,True,train
687,2023-04-22,4,2,1.0,1.0,D,True,train
688,2023-04-22,9,10,0.0,0.0,D,True,train
689,2023-04-22,11,14,2.0,1.0,H,True,train
690,2023-04-22,15,29,2.0,1.0,H,True,train
691,2023-04-22,16,22,3.0,2.0,H,True,train
692,2023-04-23,3,28,0.0,4.0,A,True,train
693,2023-04-23,20,26,6.0,1.0,H,True,train
694,2023-04-25,2,11,1.0,0.0,H,True,train
695,2023-04-25,14,15,1.0,1.0,D,True,train
696,2023-04-25,29,9,2.0,0.0,H,True,train
697,2023-04-26,7,4,0.0,2.0,A,True,train
698,2023-04-26,18,1,4.0,1.0,H,True,train
699,2023-04-26,22,5,3.0,1.0,H,True,train
700,2023-04-26,28,16,1.0,2.0,A,True,train
701,2023-04-27,10,20,1.0,4.0,A,True,train
702,2023-04-27,24,3,0.0,1.0,A,True,train
703,2023-04-27,26,19,2.0,2.0,D,True,train
704,2023-04-29,4,22,2.0,1.0,H,True,train
705,2023-04-29,5,29,6.0,0.0,H,True,train
706,2023-04-29,9,28,4.0,3.0,H,True,train
707,2023-04-30,3,14,4.0,1.0,H,True,train
708,2023-04-30,11,18,1.0,2.0,A,True,train
709,2023-04-30,16,26,4.0,3.0,H,True,train
710,2023-04-30,19,2,1.0,0.0,H,True,train
711,2023-04-30,20,24,3.0,1.0,H,True,train
712,2023-05-01,15,10,2.0,2.0,D,True,train
713,2023-05-02,1,7,3.0,1.0,H,True,train
714,2023-05-03,16,11,1.0,0.0,H,True,train
715,2023-05-03,18,28,3.0,0.0,H,True,train
716,2023-05-04,5,19,1.0,0.0,H,True,train
717,2023-05-06,3,7,1.0,3.0,A,True,train
718,2023-05-06,16,4,1.0,0.0,H,True,train
719,2023-05-06,18,14,2.0,1.0,H,True,train
720,2023-05-06,26,9,1.0,0.0,H,True,train
721,2023-05-06,29,2,1.0,0.0,H,True,train
722,2023-05-07,20,1,0.0,2.0,A,True,train
723,2023-05-07,28,19,1.0,0.0,H,True,train
724,2023-05-08,5,10,1.0,5.0,A,True,train
725,2023-05-08,11,15,5.0,3.0,H,True,train
726,2023-05-08,22,24,4.0,3.0,H,True,train
727,2023-05-13,2,26,2.0,1.0,H,True,train
728,2023-05-13,7,22,2.0,2.0,D,True,train
729,2023-05-13,9,3,2.0,0.0,H,True,train
730,2023-05-13,14,20,2.0,2.0,D,True,train
731,2023-05-13,19,29,2.0,0.0,H,True,train
732,2023-05-13,24,11,0.0,2.0,A,True,train
733,2023-05-14,1,5,0.0,3.0,A,True,train
734,2023-05-14,4,28,2.0,0.0,H,True,train
735,2023-05-14,10,18,0.0,3.0,A,True,train
736,2023-05-15,15,16,0.0,3.0,A,True,train
737,2023-05-18,20,5,4.0,1.0,H,True,train
738,2023-05-20,3,19,0.0,1.0,A,True,train
739,2023-05-20,11,9,2.0,2.0,D,True,train
740,2023-05-20,16,2,1.0,1.0,D,True,train
741,2023-05-20,22,1,1.0,0.0,H,True,train
742,2023-05-20,26,4,1.0,3.0,A,True,train
743,2023-05-20,29,10,1.0,1.0,D,True,train
744,2023-05-21,5,24,3.0,1.0,H,True,train
745,2023-05-21,18,7,1.0,0.0,H,True,train
746,2023-05-21,28,14,3.0,1.0,H,True,train
747,2023-05-22,20,15,0.0,0.0,D,True,train
748,2023-05-24,5,18,1.0,1.0,D,True,train
749,2023-05-25,19,7,4.0,1.0,H,True,train
750,2023-05-28,1,29,5.0,0.0,H,True,train
751,2023-05-28,2,5,2.0,1.0,H,True,train
752,2023-05-28,4,18,1.0,0.0,H,True,train
753,2023-05-28,7,20,1.0,1.0,D,True,train
754,2023-05-28,9,22,1.0,1.0,D,True,train
755,2023-05-28,10,3,1.0,0.0,H,True,train
756,2023-05-28,14,26,1.0,4.0,A,True,train
757,2023-05-28,15,28,2.0,1.0,H,True,train
758,2023-05-28,19,11,2.0,1.0,H,True,train
759,2023-05-28,24,16,4.0,4.0,D,True,train
760,2023-08-11,6,18,0.0,3.0,A,True,train
761,2023-08-12,1,22,2.0,1.0,H,True,train
762,2023-08-12,3,28,1.0,1.0,D,True,train
763,2023-08-12,5,17,4.0,1.0,H,True,train
764,2023-08-12,10,11,0.0,1.0,A,True,train
765,2023-08-12,20,2,5.0,1.0,H,True,train
766,2023-08-12,23,9,0.0,1.0,A,True,train
767,2023-08-13,4,26,2.0,2.0,D,True,train
768,2023-08-13,7,16,1.0,1.0,D,True,train
769,2023-08-14,19,29,1.0,0.0,H,True,train
770,2023-08-18,22,23,2.0,1.0,H,True,train
771,2023-08-19,11,4,0.0,3.0,A,True,train
772,2023-08-19,16,3,3.0,1.0,H,True,train
773,2023-08-19,18,20,1.0,0.0,H,True,train
774,2023-08-19,26,19,2.0,0.0,H,True,train
775,2023-08-19,29,5,1.0,4.0,A,True,train
776,2023-08-20,2,10,4.0,0.0,H,True,train
777,2023-08-20,28,7,3.0,1.0,H,True,train
778,2023-08-21,9,1,0.0,1.0,A,True,train
779,2023-08-25,7,17,3.0,0.0,H,True,train
780,2023-08-26,1,11,2.0,2.0,D,True,train
781,2023-08-26,3,26,0.0,2.0,A,True,train
782,2023-08-26,4,9,1.0,1.0,D,True,train
783,2023-08-26,5,28,1.0,3.0,A,True,train
784,2023-08-26,10,29,0.0,1.0,A,True,train
785,2023-08-26,19,22,3.0,2.0,H,True,train
786,2023-08-27,6,2,1.0,3.0,A,True,train
787,2023-08-27,20,16,1.0,2.0,A,True,train
788,2023-08-27,23,18,1.0,2.0,A,True,train
789,2023-09-01,17,28,1.0,2.0,A,True,train
790,2023-09-02,4,3,2.0,2.0,D,True,train
791,2023-09-02,5,20,3.0,1.0,H,True,train
792,2023-09-02,6,26,2.0,5.0,A,True,train
793,2023-09-02,7,22,0.0,1.0,A,True,train
794,2023-09-02,18,11,5.0,1.0,H,True,train
795,2023-09-02,23,10,2.0,2.0,D,True,train
796,2023-09-03,1,19,3.0,1.0,H,True,train
797,2023-09-03,9,29,3.0,2.0,H,True,train
798,2023-09-03,16,2,3.0,0.0,H,True,train
799,2023-09-16,2,9,3.0,1.0,H,True,train
800,2023-09-16,11,17,1.0,0.0,H,True,train
801,2023-09-16,19,5,1.0,3.0,A,True,train
802,2023-09-16,20,4,1.0,0.0,H,True,train
803,2023-09-16,26,23,2.0,1.0,H,True,train
804,2023-09-16,28,18,1.0,3.0,A,True,train
805,2023-09-16,29,16,1.0,3.0,A,True,train
806,2023-09-17,3,7,0.0,0.0,D,True,train
807,2023-09-17,10,1,0.0,1.0,A,True,train
808,2023-09-18,22,6,1.0,1.0,D,True,train
809,2023-09-23,4,10,1.0,3.0,A,True,train
810,2023-09-23,6,19,0.0,1.0,A,True,train
811,2023-09-23,9,11,0.0,0.0,D,True,train
812,2023-09-23,17,29,1.0,1.0,D,True,train
813,2023-09-23,18,22,2.0,0.0,H,True,train
814,2023-09-24,1,26,2.0,2.0,D,True,train
815,2023-09-24,5,3,3.0,1.0,H,True,train
816,2023-09-24,7,2,0.0,1.0,A,True,train
817,2023-09-24,16,28,3.0,1.0,H,True,train
818,2023-09-24,23,20,0.0,8.0,A,True,train
819,2023-09-30,2,5,6.0,1.0,H,True,train
820,2023-09-30,3,1,0.0,4.0,A,True,train
821,2023-09-30,10,17,1.0,2.0,A,True,train
822,2023-09-30,19,9,0.0,1.0,A,True,train
823,2023-09-30,20,6,2.0,0.0,H,True,train
824,2023-09-30,26,16,2.0,1.0,H,True,train
825,2023-09-30,28,23,2.0,0.0,H,True,train
826,2023-09-30,29,18,2.0,1.0,H,True,train
827,2023-10-01,22,4,1.0,1.0,D,True,train
828,2023-10-02,11,7,0.0,2.0,A,True,train
829,2023-10-03,17,6,1.0,2.0,A,True,train
830,2023-10-07,6,7,1.0,4.0,A,True,train
831,2023-10-07,9,22,0.0,0.0,D,True,train
832,2023-10-07,10,3,3.0,0.0,H,True,train
833,2023-10-07,11,23,3.0,1.0,H,True,train
834,2023-10-07,17,26,0.0,1.0,A,True,train
835,2023-10-07,19,4,2.0,1.0,H,True,train
836,2023-10-08,1,18,1.0,0.0,H,True,train
837,2023-10-08,5,16,2.0,2.0,D,True,train
838,2023-10-08,28,20,2.0,2.0,D,True,train
839,2023-10-08,29,2,1.0,1.0,D,True,train
840,2023-10-21,3,29,1.0,2.0,A,True,train
841,2023-10-21,4,6,3.0,0.0,H,True,train
842,2023-10-21,7,1,2.0,2.0,D,True,train
843,2023-10-21,16,10,2.0,0.0,H,True,train
844,2023-10-21,18,5,2.0,1.0,H,True,train
845,2023-10-21,20,9,4.0,0.0,H,True,train
846,2023-10-21,22,17,2.0,2.0,D,True,train
847,2023-10-21,23,19,1.0,2.0,A,True,train
848,2023-10-22,2,28,4.0,1.0,H,True,train
849,2023-10-23,26,11,2.0,0.0,H,True,train
850,2023-10-27,9,26,1.0,2.0,A,True,train
851,2023-10-28,1,23,5.0,0.0,H,True,train
852,2023-10-28,3,6,2.0,1.0,H,True,train
853,2023-10-28,7,4,0.0,2.0,A,True,train
854,2023-10-28,29,20,2.0,2.0,D,True,train
855,2023-10-29,2,17,3.0,1.0,H,True,train
856,2023-10-29,5,11,1.0,1.0,D,True,train
857,2023-10-29,16,22,3.0,0.0,H,True,train
858,2023-10-29,19,18,0.0,3.0,A,True,train
859,2023-10-29,28,10,0.0,1.0,A,True,train
860,2023-11-04,4,28,3.0,2.0,H,True,train
861,2023-11-04,6,9,0.0,2.0,A,True,train
862,2023-11-04,10,5,1.0,1.0,D,True,train
863,2023-11-04,11,19,0.0,1.0,A,True,train
864,2023-11-04,18,3,6.0,1.0,H,True,train
865,2023-11-04,20,1,1.0,0.0,H,True,train
866,2023-11-04,23,29,2.0,1.0,H,True,train
867,2023-11-05,17,16,1.0,1.0,D,True,train
868,2023-11-05,22,2,2.0,0.0,H,True,train
869,2023-11-06,26,7,1.0,4.0,A,True,train
870,2023-11-11,1,6,3.0,1.0,H,True,train
871,2023-11-11,3,20,2.0,0.0,H,True,train
872,2023-11-11,9,10,2.0,3.0,A,True,train
873,2023-11-11,19,17,1.0,0.0,H,True,train
874,2023-11-11,29,26,2.0,1.0,H,True,train
875,2023-11-12,2,11,3.0,1.0,H,True,train
876,2023-11-12,5,23,1.0,1.0,D,True,train
877,2023-11-12,7,18,4.0,4.0,D,True,train
878,2023-11-12,16,4,3.0,0.0,H,True,train
879,2023-11-12,28,22,3.0,2.0,H,True,train
880,2023-11-25,4,1,0.0,1.0,A,True,train
881,2023-11-25,6,28,1.0,2.0,A,True,train
882,2023-11-25,17,9,2.0,1.0,H,True,train
883,2023-11-25,18,16,1.0,1.0,D,True,train
884,2023-11-25,20,7,4.0,1.0,H,True,train
885,2023-11-25,22,5,2.0,3.0,A,True,train
886,2023-11-25,23,3,1.0,3.0,A,True,train
887,2023-11-26,10,19,0.0,3.0,A,True,train
888,2023-11-26,26,2,1.0,2.0,A,True,train
889,2023-11-27,11,29,3.0,2.0,H,True,train
890,2023-12-02,1,29,2.0,1.0,H,True,train
891,2023-12-02,4,17,3.0,1.0,H,True,train
892,2023-12-02,6,23,5.0,0.0,H,True,train
893,2023-12-02,20,19,1.0,0.0,H,True,train
894,2023-12-02,22,10,0.0,1.0,A,True,train
895,2023-12-03,3,2,2.0,2.0,D,True,train
896,2023-12-03,7,5,3.0,2.0,H,True,train
897,2023-12-03,16,11,4.0,3.0,H,True,train
898,2023-12-03,18,26,3.0,3.0,D,True,train
899,2023-12-03,28,9,1.0,1.0,D,True,train
900,2023-12-05,17,1,3.0,4.0,A,True,train
901,2023-12-05,29,6,1.0,0.0,H,True,train
902,2023-12-06,2,18,1.0,0.0,H,True,train
903,2023-12-06,5,4,2.0,1.0,H,True,train
904,2023-12-06,9,3,0.0,2.0,A,True,train
905,2023-12-06,11,22,5.0,0.0,H,True,train
906,2023-12-06,19,7,2.0,1.0,H,True,train
907,2023-12-06,23,16,0.0,2.0,A,True,train
908,2023-12-07,10,20,3.0,0.0,H,True,train
909,2023-12-07,26,28,1.0,2.0,A,True,train
910,2023-12-09,2,1,1.0,0.0,H,True,train
911,2023-12-09,5,6,1.0,1.0,D,True,train
912,2023-12-09,9,16,1.0,2.0,A,True,train
913,2023-12-09,19,3,0.0,3.0,A,True,train
914,2023-12-09,23,4,1.0,0.0,H,True,train
915,2023-12-09,29,22,1.0,1.0,D,True,train
916,2023-12-10,10,7,2.0,0.0,H,True,train
917,2023-12-10,11,28,5.0,0.0,H,True,train
918,2023-12-10,17,18,1.0,2.0,A,True,train
919,2023-12-10,26,20,4.0,1.0,H,True,train
920,2023-12-15,22,26,0.0,2.0,A,True,train
921,2023-12-16,6,10,0.0,2.0,A,True,train
922,2023-12-16,7,23,2.0,0.0,H,True,train
923,2023-12-16,18,9,2.0,2.0,D,True,train
924,2023-12-16,20,11,3.0,0.0,H,True,train
925,2023-12-17,1,5,2.0,0.0,H,True,train
926,2023-12-17,4,2,1.0,2.0,A,True,train
927,2023-12-17,16,19,0.0,0.0,D,True,train
928,2023-12-17,28,29,3.0,0.0,H,True,train
929,2023-12-21,9,5,1.0,1.0,D,True,train
930,2023-12-22,2,23,1.0,1.0,D,True,train
931,2023-12-23,11,6,0.0,2.0,A,True,train
932,2023-12-23,16,1,1.0,1.0,D,True,train
933,2023-12-23,17,20,1.0,0.0,H,True,train
934,2023-12-23,22,3,2.0,3.0,A,True,train
935,2023-12-23,26,10,2.0,1.0,H,True,train
936,2023-12-23,28,19,2.0,0.0,H,True,train
937,2023-12-24,29,7,2.0,1.0,H,True,train
938,2023-12-26,3,11,3.0,0.0,H,True,train
939,2023-12-26,6,16,0.0,2.0,A,True,train
940,2023-12-26,19,2,3.0,2.0,H,True,train
941,2023-12-26,20,22,1.0,3.0,A,True,train
942,2023-12-26,23,17,2.0,3.0,A,True,train
943,2023-12-27,4,29,1.0,4.0,A,True,train
944,2023-12-27,7,9,2.0,1.0,H,True,train
945,2023-12-27,10,18,1.0,3.0,A,True,train
946,2023-12-28,1,28,0.0,2.0,A,True,train
947,2023-12-28,5,26,4.0,2.0,H,True,train
948,2023-12-30,2,6,3.0,2.0,H,True,train
949,2023-12-30,9,4,3.0,1.0,H,True,train
950,2023-12-30,17,7,2.0,3.0,A,True,train
951,2023-12-30,18,23,2.0,0.0,H,True,train
952,2023-12-30,22,19,2.0,1.0,H,True,train
953,2023-12-30,29,10,3.0,0.0,H,True,train
954,2023-12-31,11,1,2.0,1.0,H,True,train
955,2023-12-31,26,3,3.0,1.0,H,True,train
956,2024-01-01,16,20,4.0,2.0,H,True,train
957,2024-01-02,28,5,0.0,0.0,D,True,train
958,2024-01-12,6,17,1.0,1.0,D,True,train
959,2024-01-13,7,11,1.0,0.0,H,True,train
960,2024-01-13,20,18,2.0,3.0,A,True,train
961,2024-01-14,10,2,0.0,0.0,D,True,train
962,2024-01-14,19,26,2.0,2.0,D,True,train
963,2024-01-20,1,9,5.0,0.0,H,True,train
964,2024-01-20,4,22,3.0,2.0,H,True,train
965,2024-01-21,3,16,0.0,4.0,A,True,train
966,2024-01-21,23,28,2.0,2.0,D,True,train
967,2024-01-22,5,29,0.0,0.0,D,True,train
968,2024-01-30,2,20,1.0,3.0,A,True,train
969,2024-01-30,9,23,3.0,2.0,H,True,train
970,2024-01-30,11,10,0.0,0.0,D,True,train
971,2024-01-30,17,5,4.0,0.0,H,True,train
972,2024-01-30,22,1,1.0,2.0,A,True,train
973,2024-01-31,16,7,4.0,1.0,H,True,train
974,2024-01-31,18,6,3.0,1.0,H,True,train
975,2024-01-31,26,4,3.0,2.0,H,True,train
976,2024-02-01,28,3,1.0,1.0,D,True,train
977,2024-02-01,29,19,3.0,4.0,A,True,train
978,2024-02-03,5,9,4.0,1.0,H,True,train
979,2024-02-03,6,11,2.0,2.0,D,True,train
980,2024-02-03,10,26,2.0,2.0,D,True,train
981,2024-02-03,20,17,4.0,4.0,D,True,train
982,2024-02-03,23,2,0.0,5.0,A,True,train
983,2024-02-04,1,16,3.0,1.0,H,True,train
984,2024-02-04,3,22,1.0,1.0,D,True,train
985,2024-02-04,7,29,2.0,4.0,A,True,train
986,2024-02-04,19,28,3.0,0.0,H,True,train
987,2024-02-05,4,18,1.0,3.0,A,True,train
988,2024-02-10,11,3,3.0,1.0,H,True,train
989,2024-02-10,16,6,3.0,1.0,H,True,train
990,2024-02-10,17,23,1.0,3.0,A,True,train
991,2024-02-10,18,10,2.0,0.0,H,True,train
992,2024-02-10,22,20,2.0,3.0,A,True,train
993,2024-02-10,26,5,2.0,1.0,H,True,train
994,2024-02-10,29,4,0.0,2.0,A,True,train
995,2024-02-11,2,19,1.0,2.0,A,True,train
996,2024-02-11,28,1,0.0,6.0,A,True,train
997,2024-02-12,9,7,1.0,3.0,A,True,train
998,2024-02-17,4,16,1.0,4.0,A,True,train
999,2024-02-17,6,1,0.0,5.0,A,True,train
1000,2024-02-17,11,2,1.0,2.0,A,True,train
1001,2024-02-17,18,7,1.0,1.0,D,True,train
1002,2024-02-17,20,3,2.0,2.0,D,True,train
1003,2024-02-17,22,28,2.0,0.0,H,True,train
1004,2024-02-17,26,29,1.0,2.0,A,True,train
1005,2024-02-18,17,19,1.0,2.0,A,True,train
1006,2024-02-18,23,5,0.0,5.0,A,True,train
1007,2024-02-19,10,9,1.0,1.0,D,True,train
1008,2024-02-20,18,4,1.0,0.0,H,True,train
1009,2024-02-21,16,17,4.0,1.0,H,True,train
1010,2024-02-24,1,20,4.0,1.0,H,True,train
1011,2024-02-24,2,22,4.0,2.0,H,True,train
1012,2024-02-24,3,18,0.0,1.0,A,True,train
1013,2024-02-24,5,10,1.0,1.0,D,True,train
1014,2024-02-24,9,6,3.0,0.0,H,True,train
1015,2024-02-24,19,11,1.0,2.0,A,True,train
1016,2024-02-25,29,23,1.0,0.0,H,True,train
1017,2024-02-26,28,4,4.0,2.0,H,True,train
1018,2024-03-02,4,7,2.0,2.0,D,True,train
1019,2024-03-02,10,28,1.0,3.0,A,True,train
1020,2024-03-02,11,5,3.0,0.0,H,True,train
1021,2024-03-02,17,2,2.0,3.0,A,True,train
1022,2024-03-02,20,29,3.0,0.0,H,True,train
1023,2024-03-02,22,16,0.0,1.0,A,True,train
1024,2024-03-02,26,9,3.0,1.0,H,True,train
1025,2024-03-03,6,3,0.0,2.0,A,True,train
1026,2024-03-03,18,19,3.0,1.0,H,True,train
1027,2024-03-04,23,1,0.0,6.0,A,True,train
1028,2024-03-09,1,4,2.0,1.0,H,True,train
1029,2024-03-09,3,23,2.0,2.0,D,True,train
1030,2024-03-09,9,17,1.0,1.0,D,True,train
1031,2024-03-09,19,10,2.0,0.0,H,True,train
1032,2024-03-09,29,11,2.0,1.0,H,True,train
1033,2024-03-10,2,26,0.0,4.0,A,True,train
1034,2024-03-10,5,22,1.0,0.0,H,True,train
1035,2024-03-10,16,18,1.0,1.0,D,True,train
1036,2024-03-10,28,6,2.0,2.0,D,True,train
1037,2024-03-11,7,20,3.0,2.0,H,True,train
1038,2024-03-13,3,17,4.0,3.0,H,True,train
1039,2024-03-16,6,4,2.0,1.0,H,True,train
1040,2024-03-16,11,26,3.0,0.0,H,True,train
1041,2024-03-16,17,22,1.0,1.0,D,True,train
1042,2024-03-17,28,2,1.0,1.0,D,True,train
1043,2024-03-30,2,29,2.0,0.0,H,True,train
1044,2024-03-30,3,10,2.0,1.0,H,True,train
1045,2024-03-30,4,19,1.0,1.0,D,True,train
1046,2024-03-30,7,6,2.0,2.0,D,True,train
1047,2024-03-30,20,28,4.0,3.0,H,True,train
1048,2024-03-30,22,9,1.0,1.0,D,True,train
1049,2024-03-30,23,11,3.0,3.0,D,True,train
1050,2024-03-30,26,17,2.0,1.0,H,True,train
1051,2024-03-31,16,5,2.0,1.0,H,True,train
1052,2024-03-31,18,1,0.0,0.0,D,True,train
1053,2024-04-02,3,9,1.0,0.0,H,True,train
1054,2024-04-02,6,29,1.0,1.0,D,True,train
1055,2024-04-02,20,10,1.0,1.0,D,True,train
1056,2024-04-02,22,11,3.0,1.0,H,True,train
1057,2024-04-02,28,26,1.0,1.0,D,True,train
1058,2024-04-03,1,17,2.0,0.0,H,True,train
1059,2024-04-03,4,5,0.0,0.0,D,True,train
1060,2024-04-03,18,2,4.0,1.0,H,True,train
1061,2024-04-04,7,19,4.0,3.0,H,True,train
1062,2024-04-04,16,23,3.0,1.0,H,True,train
1063,2024-04-06,2,4,3.0,3.0,D,True,train
1064,2024-04-06,5,1,0.0,3.0,A,True,train
1065,2024-04-06,9,18,2.0,4.0,A,True,train
1066,2024-04-06,10,6,1.0,0.0,H,True,train
1067,2024-04-06,11,20,0.0,1.0,A,True,train
1068,2024-04-06,17,3,2.0,1.0,H,True,train
1069,2024-04-06,29,28,1.0,2.0,A,True,train
1070,2024-04-07,19,16,2.0,2.0,D,True,train
1071,2024-04-07,23,7,2.0,2.0,D,True,train
1072,2024-04-07,26,22,3.0,1.0,H,True,train
1073,2024-04-13,3,19,2.0,2.0,D,True,train
1074,2024-04-13,4,23,2.0,0.0,H,True,train
1075,2024-04-13,6,5,1.0,1.0,D,True,train
1076,2024-04-13,18,17,5.0,1.0,H,True,train
1077,2024-04-13,20,26,4.0,0.0,H,True,train
1078,2024-04-13,22,29,2.0,2.0,D,True,train
1079,2024-04-14,1,2,0.0,2.0,A,True,train
1080,2024-04-14,16,9,0.0,1.0,A,True,train
1081,2024-04-14,28,11,0.0,2.0,A,True,train
1082,2024-04-15,7,10,6.0,0.0,H,True,train
1083,2024-04-20,17,4,1.0,5.0,A,True,train
1084,2024-04-20,23,6,1.0,4.0,A,True,train
1085,2024-04-20,29,1,0.0,2.0,A,True,train
1086,2024-04-21,2,3,3.0,1.0,H,True,train
1087,2024-04-21,9,28,5.0,2.0,H,True,train
1088,2024-04-21,10,22,2.0,0.0,H,True,train
1089,2024-04-21,11,16,1.0,3.0,A,True,train
1090,2024-04-23,1,7,5.0,0.0,H,True,train
1091,2024-04-24,9,20,2.0,0.0,H,True,train
1092,2024-04-24,10,16,2.0,0.0,H,True,train
1093,2024-04-24,19,23,4.0,2.0,H,True,train
1094,2024-04-24,29,3,0.0,1.0,A,True,train
1095,2024-04-25,5,18,0.0,4.0,A,True,train
1096,2024-04-27,2,7,2.0,2.0,D,True,train
1097,2024-04-27,10,4,1.0,0.0,H,True,train
1098,2024-04-27,11,9,1.0,1.0,D,True,train
1099,2024-04-27,19,6,1.0,1.0,D,True,train
1100,2024-04-27,20,23,5.0,1.0,H,True,train
1101,2024-04-27,28,16,2.0,2.0,D,True,train
1102,2024-04-27,29,17,2.0,1.0,H,True,train
1103,2024-04-28,3,5,3.0,0.0,H,True,train
1104,2024-04-28,22,18,0.0,2.0,A,True,train
1105,2024-04-28,26,1,2.0,3.0,A,True,train
1106,2024-05-02,7,26,2.0,0.0,H,True,train
1107,2024-05-03,17,10,1.0,1.0,D,True,train
1108,2024-05-04,1,3,3.0,0.0,H,True,train
1109,2024-05-04,4,11,0.0,0.0,D,True,train
1110,2024-05-04,6,20,1.0,4.0,A,True,train
1111,2024-05-04,18,29,5.0,1.0,H,True,train
1112,2024-05-04,23,22,1.0,3.0,A,True,train
1113,2024-05-05,5,2,1.0,0.0,H,True,train
1114,2024-05-05,7,28,5.0,0.0,H,True,train
1115,2024-05-05,16,26,4.0,2.0,H,True,train
1116,2024-05-06,9,19,4.0,0.0,H,True,train
1117,2024-05-11,3,4,1.0,2.0,A,True,train
1118,2024-05-11,10,23,1.0,0.0,H,True,train
1119,2024-05-11,11,18,0.0,4.0,A,True,train
1120,2024-05-11,20,5,1.0,1.0,D,True,train
1121,2024-05-11,22,7,2.0,3.0,A,True,train
1122,2024-05-11,26,6,2.0,1.0,H,True,train
1123,2024-05-11,28,17,3.0,1.0,H,True,train
1124,2024-05-11,29,9,1.0,3.0,A,True,train
1125,2024-05-12,19,1,0.0,1.0,A,True,train
1126,2024-05-13,2,16,3.0,3.0,D,True,train
1127,2024-05-14,26,18,0.0,2.0,A,True,train
1128,2024-05-15,5,7,1.0,2.0,A,True,train
1129,2024-05-15,19,20,3.0,2.0,H,True,train
1130,2024-05-19,1,10,2.0,1.0,H,True,train
1131,2024-05-19,4,20,2.0,4.0,A,True,train
1132,2024-05-19,5,19,0.0,2.0,A,True,train
1133,2024-05-19,6,22,1.0,2.0,A,True,train
1134,2024-05-19,7,3,2.0,1.0,H,True,train
1135,2024-05-19,9,2,5.0,0.0,H,True,train
1136,2024-05-19,16,29,2.0,0.0,H,True,train
1137,2024-05-19,17,11,2.0,4.0,A,True,train
1138,2024-05-19,18,28,3.0,1.0,H,True,train
1139,2024-05-19,23,26,0.0,3.0,A,True,train
1140,2024-08-16,19,11,1.0,0.0,H,True,val
1141,2024-08-17,1,29,2.0,0.0,H,True,val
1142,2024-08-17,10,5,0.0,3.0,A,True,val
1143,2024-08-17,13,16,0.0,2.0,A,True,val
1144,2024-08-17,20,24,1.0,0.0,H,True,val
1145,2024-08-17,22,3,1.0,1.0,D,True,val
1146,2024-08-17,28,2,1.0,2.0,A,True,val
1147,2024-08-18,4,9,2.0,1.0,H,True,val
1148,2024-08-18,7,18,0.0,2.0,A,True,val
1149,2024-08-19,15,26,1.0,1.0,D,True,val
1150,2024-08-24,2,1,0.0,2.0,A,True,val
1151,2024-08-24,5,19,2.0,1.0,H,True,val
1152,2024-08-24,9,28,0.0,2.0,A,True,val
1153,2024-08-24,11,15,2.0,1.0,H,True,val
1154,2024-08-24,18,13,4.0,1.0,H,True,val
1155,2024-08-24,24,22,0.0,1.0,A,True,val
1156,2024-08-24,26,10,4.0,0.0,H,True,val
1157,2024-08-25,3,20,1.0,1.0,D,True,val
1158,2024-08-25,16,4,2.0,0.0,H,True,val
1159,2024-08-25,29,7,2.0,6.0,A,True,val
1160,2024-08-31,1,5,1.0,1.0,D,True,val
1161,2024-08-31,4,24,3.0,1.0,H,True,val
1162,2024-08-31,10,3,2.0,3.0,A,True,val
1163,2024-08-31,13,11,1.0,1.0,D,True,val
1164,2024-08-31,15,2,1.0,2.0,A,True,val
1165,2024-08-31,22,29,1.0,1.0,D,True,val
1166,2024-08-31,28,18,1.0,3.0,A,True,val
1167,2024-09-01,7,9,1.0,1.0,D,True,val
1168,2024-09-01,19,16,0.0,3.0,A,True,val
1169,2024-09-01,20,26,2.0,1.0,H,True,val
1170,2024-09-14,2,10,3.0,2.0,H,True,val
1171,2024-09-14,3,7,0.0,1.0,A,True,val
1172,2024-09-14,5,13,0.0,0.0,D,True,val
1173,2024-09-14,9,15,2.0,2.0,D,True,val
1174,2024-09-14,11,28,1.0,1.0,D,True,val
1175,2024-09-14,16,22,0.0,1.0,A,True,val
1176,2024-09-14,18,4,2.0,1.0,H,True,val
1177,2024-09-14,24,19,0.0,3.0,A,True,val
1178,2024-09-15,26,1,0.0,1.0,A,True,val
1179,2024-09-15,29,20,1.0,2.0,A,True,val
1180,2024-09-21,2,29,3.0,1.0,H,True,val
1181,2024-09-21,9,19,0.0,0.0,D,True,val
1182,2024-09-21,11,20,3.0,1.0,H,True,val
1183,2024-09-21,15,10,1.0,1.0,D,True,val
1184,2024-09-21,16,3,3.0,0.0,H,True,val
1185,2024-09-21,24,13,1.0,1.0,D,True,val
1186,2024-09-21,26,4,3.0,1.0,H,True,val
1187,2024-09-21,28,7,0.0,3.0,A,True,val
1188,2024-09-22,5,22,2.0,2.0,D,True,val
1189,2024-09-22,18,1,2.0,2.0,D,True,val
1190,2024-09-28,1,15,4.0,2.0,H,True,val
1191,2024-09-28,4,28,1.0,1.0,D,True,val
1192,2024-09-28,7,5,4.0,2.0,H,True,val
1193,2024-09-28,10,9,2.0,1.0,H,True,val
1194,2024-09-28,20,18,1.0,1.0,D,True,val
1195,2024-09-28,22,11,0.0,1.0,A,True,val
1196,2024-09-28,29,16,1.0,2.0,A,True,val
1197,2024-09-29,13,2,2.0,2.0,D,True,val
1198,2024-09-29,19,26,0.0,3.0,A,True,val
1199,2024-09-30,3,24,3.0,1.0,H,True,val
1200,2024-10-05,1,24,3.0,1.0,H,True,val
1201,2024-10-05,4,29,5.0,3.0,H,True,val
1202,2024-10-05,9,16,0.0,1.0,A,True,val
1203,2024-10-05,10,20,0.0,0.0,D,True,val
1204,2024-10-05,15,3,1.0,0.0,H,True,val
1205,2024-10-05,18,11,3.0,2.0,H,True,val
1206,2024-10-05,28,13,4.0,1.0,H,True,val
1207,2024-10-06,2,19,0.0,0.0,D,True,val
1208,2024-10-06,5,26,3.0,2.0,H,True,val
1209,2024-10-06,7,22,1.0,1.0,D,True,val
1210,2024-10-19,3,1,2.0,0.0,H,True,val
1211,2024-10-19,11,2,1.0,3.0,A,True,val
1212,2024-10-19,13,10,0.0,2.0,A,True,val
1213,2024-10-19,19,4,2.0,1.0,H,True,val
1214,2024-10-19,20,5,0.0,1.0,A,True,val
1215,2024-10-19,24,15,2.0,3.0,A,True,val
1216,2024-10-19,26,28,4.0,1.0,H,True,val
1217,2024-10-20,16,7,2.0,1.0,H,True,val
1218,2024-10-20,29,18,1.0,2.0,A,True,val
1219,2024-10-21,22,9,1.0,0.0,H,True,val
1220,2024-10-25,15,22,1.0,3.0,A,True,val
1221,2024-10-26,2,3,1.0,1.0,D,True,val
1222,2024-10-26,4,13,4.0,3.0,H,True,val
1223,2024-10-26,5,29,2.0,2.0,D,True,val
1224,2024-10-26,10,11,1.0,1.0,D,True,val
1225,2024-10-26,18,24,1.0,0.0,H,True,val
1226,2024-10-27,1,16,2.0,2.0,D,True,val
1227,2024-10-27,7,20,2.0,1.0,H,True,val
1228,2024-10-27,9,26,1.0,0.0,H,True,val
1229,2024-10-27,28,19,2.0,1.0,H,True,val
1230,2024-11-02,3,18,2.0,1.0,H,True,val
1231,2024-11-02,13,15,1.0,1.0,D,True,val
1232,2024-11-02,16,5,2.0,1.0,H,True,val
1233,2024-11-02,20,1,1.0,0.0,H,True,val
1234,2024-11-02,22,28,3.0,0.0,H,True,val
1235,2024-11-02,24,10,1.0,0.0,H,True,val
1236,2024-11-02,29,9,2.0,2.0,D,True,val
1237,2024-11-03,19,7,1.0,1.0,D,True,val
1238,2024-11-03,26,2,4.0,1.0,H,True,val
1239,2024-11-04,11,4,2.0,1.0,H,True,val
1240,2024-11-09,4,3,3.0,2.0,H,True,val
1241,2024-11-09,5,18,2.0,1.0,H,True,val
1242,2024-11-09,9,11,0.0,2.0,A,True,val
1243,2024-11-09,16,2,2.0,0.0,H,True,val
1244,2024-11-09,28,10,0.0,0.0,D,True,val
1245,2024-11-09,29,24,2.0,0.0,H,True,val
1246,2024-11-10,7,1,1.0,1.0,D,True,val
1247,2024-11-10,19,15,3.0,0.0,H,True,val
1248,2024-11-10,22,20,1.0,3.0,A,True,val
1249,2024-11-10,26,13,1.0,2.0,A,True,val
1250,2024-11-23,1,22,3.0,0.0,H,True,val
1251,2024-11-23,2,9,2.0,2.0,D,True,val
1252,2024-11-23,3,5,1.0,2.0,A,True,val
1253,2024-11-23,10,4,0.0,0.0,D,True,val
1254,2024-11-23,11,29,1.0,4.0,A,True,val
1255,2024-11-23,15,7,1.0,2.0,A,True,val
1256,2024-11-23,18,26,0.0,4.0,A,True,val
1257,2024-11-24,13,19,1.0,1.0,D,True,val
1258,2024-11-24,24,16,2.0,3.0,A,True,val
1259,2024-11-25,20,28,0.0,2.0,A,True,val
1260,2024-11-29,5,24,1.0,1.0,D,True,val
1261,2024-11-30,4,15,4.0,1.0,H,True,val
1262,2024-11-30,9,20,1.0,1.0,D,True,val
1263,2024-11-30,22,13,1.0,0.0,H,True,val
1264,2024-11-30,28,1,2.0,5.0,A,True,val
1265,2024-11-30,29,3,2.0,4.0,A,True,val
1266,2024-12-01,7,2,3.0,0.0,H,True,val
1267,2024-12-01,16,18,2.0,0.0,H,True,val
1268,2024-12-01,19,10,4.0,0.0,H,True,val
1269,2024-12-01,26,11,1.0,1.0,D,True,val
1270,2024-12-03,13,9,0.0,1.0,A,True,val
1271,2024-12-03,15,28,3.0,1.0,H,True,val
1272,2024-12-04,1,19,2.0,0.0,H,True,val
1273,2024-12-04,2,4,3.0,1.0,H,True,val
1274,2024-12-04,10,29,4.0,0.0,H,True,val
1275,2024-12-04,18,22,3.0,0.0,H,True,val
1276,2024-12-04,20,16,3.0,3.0,D,True,val
1277,2024-12-04,24,7,1.0,5.0,A,True,val
1278,2024-12-05,3,26,1.0,0.0,H,True,val
1279,2024-12-05,11,5,3.0,1.0,H,True,val
1280,2024-12-07,2,24,1.0,0.0,H,True,val
1281,2024-12-07,4,20,4.0,2.0,H,True,val
1282,2024-12-07,9,18,2.0,2.0,D,True,val
1283,2024-12-07,19,22,2.0,3.0,A,True,val
1284,2024-12-08,11,1,1.0,1.0,D,True,val
1285,2024-12-08,13,3,1.0,2.0,A,True,val
1286,2024-12-08,15,5,2.0,2.0,D,True,val
1287,2024-12-08,26,7,3.0,4.0,A,True,val
1288,2024-12-09,28,29,2.0,1.0,H,True,val
1289,2024-12-14,1,10,0.0,0.0,D,True,val
1290,2024-12-14,16,11,2.0,2.0,D,True,val
1291,2024-12-14,20,15,4.0,0.0,H,True,val
1292,2024-12-14,22,2,2.0,1.0,H,True,val
1293,2024-12-14,29,13,1.0,2.0,A,True,val
1294,2024-12-15,5,9,1.0,3.0,A,True,val
1295,2024-12-15,7,4,2.0,1.0,H,True,val
1296,2024-12-15,18,19,1.0,2.0,A,True,val
1297,2024-12-15,24,26,0.0,5.0,A,True,val
1298,2024-12-16,3,28,1.0,1.0,D,True,val
1299,2024-12-21,2,18,2.0,1.0,H,True,val
1300,2024-12-21,4,22,0.0,2.0,A,True,val
1301,2024-12-21,9,1,1.0,5.0,A,True,val
1302,2024-12-21,13,20,0.0,4.0,A,True,val
1303,2024-12-21,28,5,1.0,1.0,D,True,val
1304,2024-12-22,10,7,0.0,0.0,D,True,val
1305,2024-12-22,11,24,0.0,0.0,D,True,val
1306,2024-12-22,15,29,0.0,3.0,A,True,val
1307,2024-12-22,19,3,0.0,3.0,A,True,val
1308,2024-12-22,26,16,3.0,6.0,A,True,val
1309,2024-12-26,3,9,0.0,0.0,D,True,val
1310,2024-12-26,7,11,1.0,2.0,A,True,val
1311,2024-12-26,16,15,3.0,1.0,H,True,val
1312,2024-12-26,18,10,1.0,1.0,D,True,val
1313,2024-12-26,20,2,3.0,0.0,H,True,val
1314,2024-12-26,22,26,1.0,0.0,H,True,val
1315,2024-12-26,24,28,0.0,1.0,A,True,val
1316,2024-12-26,29,19,2.0,0.0,H,True,val
1317,2024-12-27,1,13,1.0,0.0,H,True,val
1318,2024-12-27,5,4,0.0,0.0,D,True,val
1319,2024-12-29,9,24,2.0,1.0,H,True,val
1320,2024-12-29,10,22,0.0,2.0,A,True,val
1321,2024-12-29,11,3,2.0,2.0,D,True,val
1322,2024-12-29,15,18,0.0,2.0,A,True,val
1323,2024-12-29,26,29,2.0,2.0,D,True,val
1324,2024-12-29,28,16,0.0,5.0,A,True,val
1325,2024-12-30,2,5,2.0,2.0,D,True,val
1326,2024-12-30,13,7,2.0,0.0,H,True,val
1327,2024-12-30,19,20,0.0,2.0,A,True,val
1328,2025-01-01,4,1,1.0,3.0,A,True,val
1329,2025-01-04,2,15,2.0,1.0,H,True,val
1330,2025-01-04,3,10,1.0,0.0,H,True,val
1331,2025-01-04,5,1,1.0,1.0,D,True,val
1332,2025-01-04,9,7,1.0,1.0,D,True,val
1333,2025-01-04,18,28,4.0,1.0,H,True,val
1334,2025-01-04,24,4,0.0,5.0,A,True,val
1335,2025-01-04,26,20,1.0,2.0,A,True,val
1336,2025-01-05,11,13,2.0,2.0,D,True,val
1337,2025-01-05,16,19,2.0,2.0,D,True,val
1338,2025-01-06,29,22,0.0,3.0,A,True,val
1339,2025-01-14,4,18,2.0,2.0,D,True,val
1340,2025-01-14,7,3,2.0,2.0,D,True,val
1341,2025-01-14,22,16,1.0,1.0,D,True,val
1342,2025-01-14,28,11,3.0,2.0,H,True,val
1343,2025-01-15,1,26,2.0,1.0,H,True,val
1344,2025-01-15,10,2,0.0,1.0,A,True,val
1345,2025-01-15,15,9,0.0,2.0,A,True,val
1346,2025-01-15,20,29,3.0,0.0,H,True,val
1347,2025-01-16,13,5,0.0,2.0,A,True,val
1348,2025-01-16,19,24,3.0,1.0,H,True,val
1349,2025-01-18,1,2,2.0,2.0,D,True,val
1350,2025-01-18,4,16,0.0,2.0,A,True,val
1351,2025-01-18,15,11,0.0,2.0,A,True,val
1352,2025-01-18,20,3,1.0,4.0,A,True,val
1353,2025-01-18,28,9,0.0,2.0,A,True,val
1354,2025-01-19,10,26,3.0,2.0,H,True,val
1355,2025-01-19,13,18,0.0,6.0,A,True,val
1356,2025-01-19,19,5,1.0,3.0,A,True,val
1357,2025-01-19,22,24,3.0,2.0,H,True,val
1358,2025-01-20,7,29,3.0,1.0,H,True,val
1359,2025-01-25,3,22,5.0,0.0,H,True,val
1360,2025-01-25,5,10,0.0,1.0,A,True,val
1361,2025-01-25,16,13,4.0,1.0,H,True,val
1362,2025-01-25,18,7,3.0,1.0,H,True,val
1363,2025-01-25,24,20,1.0,3.0,A,True,val
1364,2025-01-25,29,1,0.0,1.0,A,True,val
1365,2025-01-26,2,28,1.0,1.0,D,True,val
1366,2025-01-26,9,4,1.0,2.0,A,True,val
1367,2025-01-26,11,19,0.0,1.0,A,True,val
1368,2025-01-26,26,15,1.0,2.0,A,True,val
1369,2025-02-01,3,16,0.0,2.0,A,True,val
1370,2025-02-01,10,15,4.0,0.0,H,True,val
1371,2025-02-01,13,24,1.0,2.0,A,True,val
1372,2025-02-01,20,11,1.0,2.0,A,True,val
1373,2025-02-01,22,5,7.0,0.0,H,True,val
1374,2025-02-01,29,2,2.0,0.0,H,True,val
1375,2025-02-02,1,18,5.0,1.0,H,True,val
1376,2025-02-02,4,26,0.0,2.0,A,True,val
1377,2025-02-02,19,9,0.0,2.0,A,True,val
1378,2025-02-03,7,28,2.0,1.0,H,True,val
1379,2025-02-12,10,16,2.0,2.0,D,True,val
1380,2025-02-14,5,7,3.0,0.0,H,True,val
1381,2025-02-15,2,13,1.0,1.0,D,True,val
1382,2025-02-15,9,10,1.0,2.0,A,True,val
1383,2025-02-15,11,22,2.0,1.0,H,True,val
1384,2025-02-15,15,1,0.0,2.0,A,True,val
1385,2025-02-15,18,20,4.0,0.0,H,True,val
1386,2025-02-15,24,3,1.0,3.0,A,True,val
1387,2025-02-15,28,4,0.0,1.0,A,True,val
1388,2025-02-16,16,29,2.0,1.0,H,True,val
1389,2025-02-16,26,19,1.0,0.0,H,True,val
1390,2025-02-19,2,16,2.0,2.0,D,True,val
1391,2025-02-21,15,4,0.0,4.0,A,True,val
1392,2025-02-22,1,28,0.0,1.0,A,True,val
1393,2025-02-22,2,7,2.0,1.0,H,True,val
1394,2025-02-22,3,29,0.0,1.0,A,True,val
1395,2025-02-22,10,19,2.0,2.0,D,True,val
1396,2025-02-22,11,9,0.0,2.0,A,True,val
1397,2025-02-22,13,26,1.0,4.0,A,True,val
1398,2025-02-22,24,5,0.0,4.0,A,True,val
1399,2025-02-23,18,16,0.0,2.0,A,True,val
1400,2025-02-23,20,22,4.0,3.0,H,True,val
1401,2025-02-25,5,3,2.0,1.0,H,True,val
1402,2025-02-25,7,24,4.0,0.0,H,True,val
1403,2025-02-25,9,2,4.0,1.0,H,True,val
1404,2025-02-25,29,11,1.0,2.0,A,True,val
1405,2025-02-26,4,10,1.0,1.0,D,True,val
1406,2025-02-26,16,20,2.0,0.0,H,True,val
1407,2025-02-26,19,13,3.0,2.0,H,True,val
1408,2025-02-26,22,1,0.0,0.0,D,True,val
1409,2025-02-26,26,18,0.0,1.0,A,True,val
1410,2025-02-27,28,15,2.0,0.0,H,True,val
1411,2025-03-08,4,2,0.0,1.0,A,True,val
1412,2025-03-08,5,11,2.0,1.0,H,True,val
1413,2025-03-08,9,13,1.0,0.0,H,True,val
1414,2025-03-08,16,24,3.0,1.0,H,True,val
1415,2025-03-08,22,18,1.0,0.0,H,True,val
1416,2025-03-08,29,10,1.0,1.0,D,True,val
1417,2025-03-09,7,15,1.0,0.0,H,True,val
1418,2025-03-09,19,1,1.0,1.0,D,True,val
1419,2025-03-09,26,3,2.0,2.0,D,True,val
1420,2025-03-10,28,20,0.0,1.0,A,True,val
1421,2025-03-15,3,4,1.0,2.0,A,True,val
1422,2025-03-15,10,28,1.0,1.0,D,True,val
1423,2025-03-15,13,22,2.0,4.0,A,True,val
1424,2025-03-15,18,5,2.0,2.0,D,True,val
1425,2025-03-15,24,29,1.0,2.0,A,True,val
1426,2025-03-16,1,7,1.0,0.0,H,True,val
1427,2025-03-16,11,26,2.0,0.0,H,True,val
1428,2025-03-16,15,19,0.0,3.0,A,True,val
1429,2025-04-01,1,11,2.0,1.0,H,True,val
1430,2025-04-01,22,19,1.0,0.0,H,True,val
1431,2025-04-01,29,28,1.0,0.0,H,True,val
1432,2025-04-02,3,13,1.0,2.0,A,True,val
1433,2025-04-02,5,2,0.0,3.0,A,True,val
1434,2025-04-02,16,10,1.0,0.0,H,True,val
1435,2025-04-02,18,15,2.0,0.0,H,True,val
1436,2025-04-02,20,4,2.0,1.0,H,True,val
1437,2025-04-02,24,9,1.0,1.0,D,True,val
1438,2025-04-03,7,26,1.0,0.0,H,True,val
1439,2025-04-05,2,22,2.0,1.0,H,True,val
1440,2025-04-05,9,5,2.0,1.0,H,True,val
1441,2025-04-05,10,1,1.0,1.0,D,True,val
1442,2025-04-05,13,29,1.0,2.0,A,True,val
1443,2025-04-05,28,3,2.0,2.0,D,True,val
1444,2025-04-06,4,7,0.0,0.0,D,True,val
1445,2025-04-06,11,16,3.0,2.0,H,True,val
1446,2025-04-06,19,18,0.0,0.0,D,True,val
1447,2025-04-06,26,24,3.0,1.0,H,True,val
1448,2025-04-07,15,20,0.0,3.0,A,True,val
1449,2025-04-12,1,4,1.0,1.0,D,True,val
1450,2025-04-12,5,15,2.0,2.0,D,True,val
1451,2025-04-12,18,9,5.0,2.0,H,True,val
1452,2025-04-12,22,10,0.0,1.0,A,True,val
1453,2025-04-12,24,2,0.0,3.0,A,True,val
1454,2025-04-13,7,13,2.0,2.0,D,True,val
1455,2025-04-13,16,28,2.0,1.0,H,True,val
1456,2025-04-13,20,19,4.0,1.0,H,True,val
1457,2025-04-13,29,26,4.0,2.0,H,True,val
1458,2025-04-14,3,11,1.0,0.0,H,True,val
1459,2025-04-16,20,9,5.0,0.0,H,True,val
1460,2025-04-19,2,20,4.0,1.0,H,True,val
1461,2025-04-19,4,5,4.0,2.0,H,True,val
1462,2025-04-19,9,3,0.0,0.0,D,True,val
1463,2025-04-19,10,18,0.0,2.0,A,True,val
1464,2025-04-19,28,24,1.0,1.0,D,True,val
1465,2025-04-20,11,7,1.0,2.0,A,True,val
1466,2025-04-20,13,1,0.0,4.0,A,True,val
1467,2025-04-20,15,16,0.0,1.0,A,True,val
1468,2025-04-20,19,29,0.0,1.0,A,True,val
1469,2025-04-21,26,22,1.0,2.0,A,True,val
1470,2025-04-22,18,2,2.0,1.0,H,True,val
1471,2025-04-23,1,9,2.0,2.0,D,True,val
1472,2025-04-26,5,28,3.0,2.0,H,True,val
1473,2025-04-26,7,10,1.0,0.0,H,True,val
1474,2025-04-26,20,13,3.0,0.0,H,True,val
1475,2025-04-26,24,11,1.0,2.0,A,True,val
1476,2025-04-26,29,15,3.0,0.0,H,True,val
1477,2025-04-27,3,19,1.0,1.0,D,True,val
1478,2025-04-27,16,26,5.0,1.0,H,True,val
1479,2025-05-01,22,4,0.0,2.0,A,True,val
1480,2025-05-02,18,29,1.0,0.0,H,True,val
1481,2025-05-03,1,3,1.0,2.0,A,True,val
1482,2025-05-03,2,11,1.0,0.0,H,True,val
1483,2025-05-03,10,13,2.0,2.0,D,True,val
1484,2025-05-03,15,24,2.0,0.0,H,True,val
1485,2025-05-04,4,19,4.0,3.0,H,True,val
1486,2025-05-04,5,20,1.0,1.0,D,True,val
1487,2025-05-04,7,16,3.0,1.0,H,True,val
1488,2025-05-04,28,26,1.0,1.0,D,True,val
1489,2025-05-05,9,22,1.0,1.0,D,True,val
1490,2025-05-10,3,2,0.0,1.0,A,True,val
1491,2025-05-10,11,10,1.0,3.0,A,True,val
1492,2025-05-10,13,4,0.0,1.0,A,True,val
1493,2025-05-10,24,18,0.0,0.0,D,True,val
1494,2025-05-10,29,5,0.0,2.0,A,True,val
1495,2025-05-11,16,1,2.0,2.0,D,True,val
1496,2025-05-11,19,28,0.0,2.0,A,True,val
1497,2025-05-11,20,7,2.0,0.0,H,True,val
1498,2025-05-11,22,15,2.0,2.0,D,True,val
1499,2025-05-11,26,9,0.0,2.0,A,True,val
1500,2025-05-16,2,26,2.0,0.0,H,True,val
1501,2025-05-16,7,19,1.0,0.0,H,True,val
1502,2025-05-18,1,20,1.0,0.0,H,True,val
1503,2025-05-18,4,11,2.0,3.0,A,True,val
1504,2025-05-18,10,24,2.0,0.0,H,True,val
1505,2025-05-18,15,13,2.0,0.0,H,True,val
1506,2025-05-18,28,22,1.0,2.0,A,True,val
1507,2025-05-19,5,16,3.0,2.0,H,True,val
1508,2025-05-20,9,29,4.0,2.0,H,True,val
1509,2025-05-20,18,3,3.0,1.0,H,True,val
1510,2025-05-25,3,15,2.0,0.0,H,True,val
1511,2025-05-25,11,18,0.0,2.0,A,True,val
1512,2025-05-25,13,28,1.0,3.0,A,True,val
1513,2025-05-25,16,9,1.0,1.0,D,True,val
1514,2025-05-25,19,2,2.0,0.0,H,True,val
1515,2025-05-25,20,10,0.0,1.0,A,True,val
1516,2025-05-25,22,7,0.0,1.0,A,True,val
1517,2025-05-25,24,1,1.0,2.0,A,True,val
1518,2025-05-25,26,5,1.0,4.0,A,True,val
1519,2025-05-25,29,4,1.0,1.0,D,True,val
1520,2025-08-15,16,3,4.0,2.0,H,True,test
1521,2025-08-16,2,20,0.0,0.0,D,True,test
1522,2025-08-16,5,11,1.0,1.0,D,True,test
1523,2025-08-16,25,28,3.0,0.0,H,True,test
1524,2025-08-16,26,6,3.0,0.0,H,True,test
1525,2025-08-16,29,18,0.0,4.0,A,True,test
1526,2025-08-17,7,9,0.0,0.0,D,True,test
1527,2025-08-17,19,1,0.0,1.0,A,True,test
1528,2025-08-17,22,4,3.0,1.0,H,True,test
1529,2025-08-18,14,10,1.0,0.0,H,True,test
1530,2025-08-22,28,7,1.0,5.0,A,True,test
1531,2025-08-23,1,14,5.0,0.0,H,True,test
1532,2025-08-23,3,29,1.0,0.0,H,True,test
1533,2025-08-23,4,2,1.0,0.0,H,True,test
1534,2025-08-23,6,25,2.0,0.0,H,True,test
1535,2025-08-23,18,26,0.0,2.0,A,True,test
1536,2025-08-24,9,22,1.0,1.0,D,True,test
1537,2025-08-24,10,5,2.0,0.0,H,True,test
1538,2025-08-24,11,19,1.0,1.0,D,True,test
1539,2025-08-25,20,16,2.0,3.0,A,True,test
1540,2025-08-30,7,11,2.0,0.0,H,True,test
1541,2025-08-30,14,20,0.0,0.0,D,True,test
1542,2025-08-30,19,6,3.0,2.0,H,True,test
1543,2025-08-30,25,4,2.0,1.0,H,True,test
1544,2025-08-30,26,3,0.0,1.0,A,True,test
1545,2025-08-30,29,10,2.0,3.0,A,True,test
1546,2025-08-31,2,9,0.0,3.0,A,True,test
1547,2025-08-31,5,18,2.0,1.0,H,True,test
1548,2025-08-31,16,1,1.0,0.0,H,True,test
1549,2025-08-31,22,28,0.0,3.0,A,True,test
1550,2025-09-13,1,22,3.0,0.0,H,True,test
1551,2025-09-13,3,5,2.0,1.0,H,True,test
1552,2025-09-13,4,7,2.0,2.0,D,True,test
1553,2025-09-13,9,25,0.0,0.0,D,True,test
1554,2025-09-13,10,2,0.0,0.0,D,True,test
1555,2025-09-13,11,14,1.0,0.0,H,True,test
1556,2025-09-13,20,29,1.0,0.0,H,True,test
1557,2025-09-13,28,26,0.0,3.0,A,True,test
1558,2025-09-14,6,16,0.0,1.0,A,True,test
1559,2025-09-14,18,19,3.0,0.0,H,True,test
1560,2025-09-20,5,26,2.0,2.0,D,True,test
1561,2025-09-20,6,22,1.0,1.0,D,True,test
1562,2025-09-20,11,4,3.0,1.0,H,True,test
1563,2025-09-20,16,10,2.0,1.0,H,True,test
1564,2025-09-20,19,7,2.0,1.0,H,True,test
1565,2025-09-20,28,9,1.0,2.0,A,True,test
1566,2025-09-20,29,14,1.0,3.0,A,True,test
1567,2025-09-21,1,18,1.0,1.0,D,True,test
1568,2025-09-21,3,20,0.0,0.0,D,True,test
1569,2025-09-21,25,2,1.0,1.0,D,True,test
1570,2025-09-27,4,19,3.0,1.0,H,True,test
1571,2025-09-27,7,5,1.0,3.0,A,True,test
1572,2025-09-27,9,16,2.0,1.0,H,True,test
1573,2025-09-27,14,3,2.0,2.0,D,True,test
1574,2025-09-27,18,6,5.0,1.0,H,True,test
1575,2025-09-27,22,25,0.0,1.0,A,True,test
1576,2025-09-27,26,29,1.0,1.0,D,True,test
1577,2025-09-28,2,11,3.0,1.0,H,True,test
1578,2025-09-28,20,1,1.0,2.0,A,True,test
1579,2025-09-29,10,28,1.0,1.0,D,True,test
1580,2025-10-03,3,11,3.0,1.0,H,True,test
1581,2025-10-04,1,28,2.0,0.0,H,True,test
1582,2025-10-04,7,16,2.0,1.0,H,True,test
1583,2025-10-04,14,26,1.0,2.0,A,True,test
1584,2025-10-04,19,25,2.0,0.0,H,True,test
1585,2025-10-05,2,6,2.0,1.0,H,True,test
1586,2025-10-05,4,18,0.0,1.0,A,True,test
1587,2025-10-05,10,9,2.0,1.0,H,True,test
1588,2025-10-05,20,22,2.0,0.0,H,True,test
1589,2025-10-05,29,5,1.0,1.0,D,True,test
1590,2025-10-18,5,20,2.0,1.0,H,True,test
1591,2025-10-18,6,14,2.0,0.0,H,True,test
1592,2025-10-18,9,3,3.0,3.0,D,True,test
1593,2025-10-18,11,1,0.0,1.0,A,True,test
1594,2025-10-18,18,10,2.0,0.0,H,True,test
1595,2025-10-18,22,7,0.0,3.0,A,True,test
1596,2025-10-18,25,29,2.0,0.0,H,True,test
1597,2025-10-19,16,19,1.0,2.0,A,True,test
1598,2025-10-19,26,2,1.0,2.0,A,True,test
1599,2025-10-20,28,4,0.0,2.0,A,True,test
1600,2025-10-24,14,28,2.0,1.0,H,True,test
1601,2025-10-25,4,16,3.0,2.0,H,True,test
1602,2025-10-25,7,25,1.0,2.0,A,True,test
1603,2025-10-25,19,5,4.0,2.0,H,True,test
1604,2025-10-25,20,11,2.0,1.0,H,True,test
1605,2025-10-26,1,9,1.0,0.0,H,True,test
1606,2025-10-26,2,18,1.0,0.0,H,True,test
1607,2025-10-26,3,22,2.0,0.0,H,True,test
1608,2025-10-26,10,26,0.0,3.0,A,True,test
1609,2025-10-26,29,6,2.0,3.0,A,True,test
1610,2025-11-01,5,14,3.0,0.0,H,True,test
1611,2025-11-01,6,1,0.0,2.0,A,True,test
1612,2025-11-01,9,4,2.0,0.0,H,True,test
1613,2025-11-01,11,29,3.0,0.0,H,True,test
1614,2025-11-01,16,2,2.0,0.0,H,True,test
1615,2025-11-01,22,19,2.0,2.0,D,True,test
1616,2025-11-01,26,7,0.0,1.0,A,True,test
1617,2025-11-02,18,3,3.0,1.0,H,True,test
1618,2025-11-02,28,20,3.0,1.0,H,True,test
1619,2025-11-03,25,10,1.0,1.0,D,True,test
1620,2025-11-08,7,29,3.0,0.0,H,True,test
1621,2025-11-08,10,11,2.0,0.0,H,True,test
1622,2025-11-08,25,1,2.0,2.0,D,True,test
1623,2025-11-08,26,19,2.0,2.0,D,True,test
1624,2025-11-08,28,6,3.0,2.0,H,True,test
1625,2025-11-09,2,3,4.0,0.0,H,True,test
1626,2025-11-09,4,20,3.0,1.0,H,True,test
1627,2025-11-09,9,5,0.0,0.0,D,True,test
1628,2025-11-09,18,16,3.0,0.0,H,True,test
1629,2025-11-09,22,14,3.0,1.0,H,True,test
1630,2025-11-22,3,28,2.0,2.0,D,True,test
1631,2025-11-22,5,4,2.0,1.0,H,True,test
1632,2025-11-22,6,7,0.0,2.0,A,True,test
1633,2025-11-22,11,25,1.0,0.0,H,True,test
1634,2025-11-22,16,22,0.0,3.0,A,True,test
1635,2025-11-22,20,18,2.0,1.0,H,True,test
1636,2025-11-22,29,9,0.0,2.0,A,True,test
1637,2025-11-23,1,26,4.0,1.0,H,True,test
1638,2025-11-23,14,2,1.0,2.0,A,True,test
1639,2025-11-24,19,10,0.0,1.0,A,True,test
1640,2025-11-29,4,6,3.0,1.0,H,True,test
1641,2025-11-29,10,20,1.0,4.0,A,True,test
1642,2025-11-29,18,14,3.0,2.0,H,True,test
1643,2025-11-29,25,3,3.0,2.0,H,True,test
1644,2025-11-29,26,11,1.0,2.0,A,True,test
1645,2025-11-30,2,29,1.0,0.0,H,True,test
1646,2025-11-30,7,1,1.0,1.0,D,True,test
1647,2025-11-30,9,19,1.0,2.0,A,True,test
1648,2025-11-30,22,5,0.0,2.0,A,True,test
1649,2025-11-30,28,16,0.0,2.0,A,True,test
1650,2025-12-02,3,10,0.0,1.0,A,True,test
1651,2025-12-02,11,18,4.0,5.0,A,True,test
1652,2025-12-02,20,26,2.0,2.0,D,True,test
1653,2025-12-03,1,4,2.0,0.0,H,True,test
1654,2025-12-03,5,2,3.0,4.0,A,True,test
1655,2025-12-03,6,9,0.0,1.0,A,True,test
1656,2025-12-03,14,7,3.0,1.0,H,True,test
1657,2025-12-03,16,25,1.0,1.0,D,True,test
1658,2025-12-03,29,22,0.0,1.0,A,True,test
1659,2025-12-04,19,28,1.0,1.0,D,True,test
1660,2025-12-06,2,1,2.0,1.0,H,True,test
1661,2025-12-06,3,7,0.0,0.0,D,True,test
1662,2025-12-06,10,22,3.0,0.0,H,True,test
1663,2025-12-06,14,16,3.0,3.0,D,True,test
1664,2025-12-06,18,25,3.0,0.0,H,True,test
1665,2025-12-06,20,6,2.0,1.0,H,True,test
1666,2025-12-06,26,4,2.0,0.0,H,True,test
1667,2025-12-07,5,28,1.0,1.0,D,True,test
1668,2025-12-07,11,9,1.0,2.0,A,True,test
1669,2025-12-08,29,19,1.0,4.0,A,True,test
1670,2025-12-13,1,29,2.0,1.0,H,True,test
1671,2025-12-13,6,11,2.0,3.0,A,True,test
1672,2025-12-13,7,10,2.0,0.0,H,True,test
1673,2025-12-13,16,5,2.0,0.0,H,True,test
1674,2025-12-14,4,14,1.0,1.0,D,True,test
1675,2025-12-14,9,18,0.0,3.0,A,True,test
1676,2025-12-14,22,26,3.0,0.0,H,True,test
1677,2025-12-14,25,20,1.0,0.0,H,True,test
1678,2025-12-14,28,2,2.0,3.0,A,True,test
1679,2025-12-15,19,3,4.0,4.0,D,True,test
1680,2025-12-20,3,6,1.0,1.0,D,True,test
1681,2025-12-20,5,25,0.0,0.0,D,True,test
1682,2025-12-20,10,1,0.0,1.0,A,True,test
1683,2025-12-20,14,9,4.0,1.0,H,True,test
1684,2025-12-20,18,28,3.0,0.0,H,True,test
1685,2025-12-20,20,7,2.0,2.0,D,True,test
1686,2025-12-20,26,16,1.0,2.0,A,True,test
1687,2025-12-20,29,4,0.0,2.0,A,True,test
1688,2025-12-21,2,19,2.0,1.0,H,True,test
1689,2025-12-22,11,22,1.0,0.0,H,True,test
1690,2025-12-26,19,20,1.0,0.0,H,True,test
1691,2025-12-27,1,5,2.0,1.0,H,True,test
1692,2025-12-27,4,3,4.0,1.0,H,True,test
1693,2025-12-27,6,10,0.0,0.0,D,True,test
1694,2025-12-27,7,2,1.0,2.0,A,True,test
1695,2025-12-27,16,29,2.0,1.0,H,True,test
1696,2025-12-27,22,18,1.0,2.0,A,True,test
1697,2025-12-27,28,11,0.0,1.0,A,True,test
1698,2025-12-28,9,26,0.0,1.0,A,True,test
1699,2025-12-28,25,14,1.0,1.0,D,True,test
1700,2025-12-30,1,2,4.0,1.0,H,True,test
1701,2025-12-30,6,20,1.0,3.0,A,True,test
1702,2025-12-30,7,3,2.0,2.0,D,True,test
1703,2025-12-30,19,29,1.0,1.0,D,True,test
1704,2025-12-30,22,10,0.0,2.0,A,True,test
1705,2025-12-30,28,5,2.0,2.0,D,True,test
1706,2026-01-01,4,26,0.0,0.0,D,True,test
1707,2026-01-01,9,11,1.0,1.0,D,True,test
1708,2026-01-01,16,14,0.0,0.0,D,True,test
1709,2026-01-01,25,18,0.0,0.0,D,True,test
1710,2026-01-03,2,22,3.0,1.0,H,True,test
1711,2026-01-03,3,1,2.0,3.0,A,True,test
1712,2026-01-03,5,6,2.0,0.0,H,True,test
1713,2026-01-03,29,28,3.0,0.0,H,True,test
1714,2026-01-04,10,4,2.0,4.0,A,True,test
1715,2026-01-04,11,16,2.0,2.0,D,True,test
1716,2026-01-04,14,19,1.0,1.0,D,True,test
1717,2026-01-04,18,7,1.0,1.0,D,True,test
1718,2026-01-04,20,9,2.0,0.0,H,True,test
1719,2026-01-04,26,25,1.0,1.0,D,True,test
1720,2026-01-06,28,22,1.0,2.0,A,True,test
1721,2026-01-07,3,26,3.0,2.0,H,True,test
1722,2026-01-07,4,25,3.0,0.0,H,True,test
1723,2026-01-07,6,19,2.0,2.0,D,True,test
1724,2026-01-07,9,2,0.0,0.0,D,True,test
1725,2026-01-07,10,29,1.0,1.0,D,True,test
1726,2026-01-07,11,7,2.0,1.0,H,True,test
1727,2026-01-07,18,5,1.0,1.0,D,True,test
1728,2026-01-07,20,14,4.0,3.0,H,True,test
1729,2026-01-08,1,16,0.0,0.0,D,True,test
1730,2026-01-17,7,4,2.0,0.0,H,True,test
1731,2026-01-17,14,11,1.0,0.0,H,True,test
1732,2026-01-17,16,6,1.0,1.0,D,True,test
1733,2026-01-17,19,18,2.0,0.0,H,True,test
1734,2026-01-17,22,1,0.0,0.0,D,True,test
1735,2026-01-17,25,9,2.0,1.0,H,True,test
1736,2026-01-17,26,28,1.0,2.0,A,True,test
1737,2026-01-18,2,10,0.0,1.0,A,True,test
1738,2026-01-18,29,20,0.0,0.0,D,True,test
1739,2026-01-19,5,3,1.0,1.0,D,True,test
1740,2026-01-24,3,16,3.0,2.0,H,True,test
1741,2026-01-24,6,26,2.0,2.0,D,True,test
1742,2026-01-24,11,5,2.0,1.0,H,True,test
1743,2026-01-24,18,29,2.0,0.0,H,True,test
1744,2026-01-24,28,25,3.0,1.0,H,True,test
1745,2026-01-25,1,19,2.0,3.0,A,True,test
1746,2026-01-25,4,22,0.0,2.0,A,True,test
1747,2026-01-25,9,7,1.0,3.0,A,True,test
1748,2026-01-25,20,2,0.0,2.0,A,True,test
1749,2026-01-26,10,14,1.0,1.0,D,True,test
1750,2026-01-31,5,10,1.0,1.0,D,True,test
1751,2026-01-31,7,28,3.0,2.0,H,True,test
1752,2026-01-31,14,1,0.0,4.0,A,True,test
1753,2026-01-31,16,20,4.0,1.0,H,True,test
1754,2026-01-31,29,3,0.0,2.0,A,True,test
1755,2026-02-01,2,4,0.0,1.0,A,True,test
1756,2026-02-01,19,11,3.0,2.0,H,True,test
1757,2026-02-01,22,9,1.0,1.0,D,True,test
1758,2026-02-01,26,18,2.0,2.0,D,True,test
1759,2026-02-02,25,6,3.0,0.0,H,True,test
1760,2026-02-06,14,22,3.0,1.0,H,True,test
1761,2026-02-07,1,25,3.0,0.0,H,True,test
1762,2026-02-07,3,2,1.0,1.0,D,True,test
1763,2026-02-07,6,28,0.0,2.0,A,True,test
1764,2026-02-07,11,10,1.0,2.0,A,True,test
1765,2026-02-07,19,26,2.0,0.0,H,True,test
1766,2026-02-07,20,4,2.0,3.0,A,True,test
1767,2026-02-07,29,7,1.0,3.0,A,True,test
1768,2026-02-08,5,9,0.0,1.0,A,True,test
1769,2026-02-08,16,18,1.0,2.0,A,True,test
1770,2026-02-10,7,14,2.0,2.0,D,True,test
1771,2026-02-10,10,3,1.0,2.0,A,True,test
1772,2026-02-10,26,20,1.0,2.0,A,True,test
1773,2026-02-10,28,19,1.0,1.0,D,True,test
1774,2026-02-11,2,5,1.0,0.0,H,True,test
1775,2026-02-11,9,6,2.0,3.0,A,True,test
1776,2026-02-11,18,11,3.0,0.0,H,True,test
1777,2026-02-11,22,29,0.0,0.0,D,True,test
1778,2026-02-11,25,16,0.0,1.0,A,True,test
1779,2026-02-12,4,1,1.0,1.0,D,True,test
1780,2026-02-18,29,1,2.0,2.0,D,True,test
1781,2026-02-21,2,14,1.0,1.0,D,True,test
1782,2026-02-21,4,5,0.0,2.0,A,True,test
1783,2026-02-21,7,6,1.0,1.0,D,True,test
1784,2026-02-21,18,20,2.0,1.0,H,True,test
1785,2026-02-21,28,3,0.0,0.0,D,True,test
1786,2026-02-22,9,29,1.0,0.0,H,True,test
1787,2026-02-22,22,16,0.0,1.0,A,True,test
1788,2026-02-22,25,11,1.0,3.0,A,True,test
1789,2026-02-22,26,1,1.0,4.0,A,True,test
1790,2026-02-23,10,19,0.0,1.0,A,True,test
1791,2026-02-27,29,2,2.0,0.0,H,True,test
1792,2026-02-28,3,25,1.0,1.0,D,True,test
1793,2026-02-28,6,4,3.0,4.0,A,True,test
1794,2026-02-28,14,18,0.0,1.0,A,True,test
1795,2026-02-28,16,28,5.0,2.0,H,True,test
1796,2026-02-28,20,10,2.0,3.0,A,True,test
1797,2026-03-01,1,7,2.0,1.0,H,True,test
1798,2026-03-01,5,22,2.0,1.0,H,True,test
1799,2026-03-01,11,26,2.0,1.0,H,True,test
1800,2026-03-01,19,9,2.0,1.0,H,True,test
1801,2026-03-03,3,4,0.0,0.0,D,True,test
1802,2026-03-03,10,6,2.0,0.0,H,True,test
1803,2026-03-03,14,25,0.0,1.0,A,True,test
1804,2026-03-03,29,16,2.0,1.0,H,True,test
1805,2026-03-04,2,7,1.0,4.0,A,True,test
1806,2026-03-04,5,1,0.0,1.0,A,True,test
1807,2026-03-04,11,28,0.0,1.0,A,True,test
1808,2026-03-04,18,22,2.0,2.0,D,True,test
1809,2026-03-04,20,19,2.0,1.0,H,True,test
1810,2026-03-05,26,9,1.0,3.0,A,True,test
1811,2026-03-14,1,10,2.0,0.0,H,True,test
1812,2026-03-14,6,3,0.0,0.0,D,True,test
1813,2026-03-14,7,20,0.0,1.0,A,True,test
1814,2026-03-14,25,5,0.0,1.0,A,True,test
1815,2026-03-14,28,18,1.0,1.0,D,True,test
1816,2026-03-15,9,14,0.0,0.0,D,True,test
1817,2026-03-15,16,26,1.0,1.0,D,True,test
1818,2026-03-15,19,2,3.0,1.0,H,True,test
1819,2026-03-15,22,11,0.0,0.0,D,True,test
1820,2026-03-16,4,29,2.0,2.0,D,True,test
1821,2026-03-20,3,19,2.0,2.0,D,True,test
1822,2026-03-21,5,16,2.0,1.0,H,True,test
1823,2026-03-21,10,7,3.0,0.0,H,True,test
1824,2026-03-21,11,6,3.0,1.0,H,True,test
1825,2026-03-21,14,4,0.0,0.0,D,True,test
1826,2026-03-22,2,28,2.0,0.0,H,True,test
1827,2026-03-22,20,25,1.0,2.0,A,True,test
1828,2026-03-22,26,22,0.0,3.0,A,True,test
1829,2026-04-10,28,29,4.0,0.0,H,True,test
1830,2026-04-11,1,3,1.0,2.0,A,True,test
1831,2026-04-11,4,10,2.0,2.0,D,True,test
1832,2026-04-11,6,5,0.0,2.0,A,True,test
1833,2026-04-11,16,11,2.0,0.0,H,True,test
1834,2026-04-12,7,18,0.0,3.0,A,True,test
1835,2026-04-12,9,20,2.0,1.0,H,True,test
1836,2026-04-12,22,2,1.0,1.0,D,True,test
1837,2026-04-12,25,26,1.0,0.0,H,True,test
1838,2026-04-13,19,14,1.0,2.0,A,True,test
1839,2026-04-18,4,11,0.0,0.0,D,True,test
1840,2026-04-18,7,19,0.0,1.0,A,True,test
1841,2026-04-18,14,29,3.0,0.0,H,True,test
1842,2026-04-18,20,3,1.0,2.0,A,True,test
1843,2026-04-18,26,5,2.0,2.0,D,True,test
1844,2026-04-19,2,25,4.0,3.0,H,True,test
1845,2026-04-19,10,16,1.0,2.0,A,True,test
1846,2026-04-19,18,1,2.0,1.0,H,True,test
1847,2026-04-19,22,6,4.0,1.0,H,True,test
1848,2026-04-20,9,28,0.0,0.0,D,True,test
1849,2026-04-21,5,7,3.0,0.0,H,True,test
1850,2026-04-22,3,14,2.0,2.0,D,True,test
1851,2026-04-22,6,18,0.0,1.0,A,True,test
1852,2026-04-24,25,22,0.0,5.0,A,True,test
1853,2026-04-25,1,20,1.0,0.0,H,True,test
1854,2026-04-25,11,2,1.0,0.0,H,True,test
1855,2026-04-25,16,9,3.0,1.0,H,True,test
1856,2026-04-25,28,10,2.0,1.0,H,True,test
1857,2026-04-25,29,26,0.0,1.0,A,True,test
1858,2026-04-27,19,4,2.0,1.0,H,True,test
1859,2026-05-01,14,6,3.0,1.0,H,True,test
1860,2026-05-02,1,11,3.0,0.0,H,True,test
1861,2026-05-02,4,28,3.0,0.0,H,True,test
1862,2026-05-02,20,5,3.0,1.0,H,True,test
1863,2026-05-02,29,25,1.0,1.0,D,True,test
1864,2026-05-03,2,26,1.0,2.0,A,True,test
1865,2026-05-03,3,9,3.0,0.0,H,True,test
1866,2026-05-03,19,16,3.0,2.0,H,True,test
1867,2026-05-04,7,22,1.0,3.0,A,True,test
1868,2026-05-04,10,18,3.0,3.0,D,True,test
1869,2026-05-09,5,29,3.0,0.0,H,True,test
1870,2026-05-09,11,3,0.0,1.0,A,True,test
1871,2026-05-09,16,7,1.0,1.0,D,True,test
1872,2026-05-09,18,4,3.0,0.0,H,True,test
1873,2026-05-09,25,19,0.0,0.0,D,True,test
1874,2026-05-10,6,2,2.0,2.0,D,True,test
1875,2026-05-10,9,10,2.0,2.0,D,True,test
1876,2026-05-10,22,20,1.0,1.0,D,True,test
1877,2026-05-10,28,1,0.0,1.0,A,True,test
1878,2026-05-11,26,14,1.0,1.0,D,True,test
1879,2026-05-13,18,9,3.0,0.0,H,True,test
1880,2026-05-15,2,16,4.0,2.0,H,True,test
1881,2026-05-17,4,9,2.0,2.0,D,True,test
1882,2026-05-17,10,25,1.0,3.0,A,True,test
1883,2026-05-17,14,5,1.0,0.0,H,True,test
1884,2026-05-17,19,22,3.0,2.0,H,True,test
1885,2026-05-17,20,28,3.0,1.0,H,True,test
1886,2026-05-17,29,11,1.0,1.0,D,True,test
1887,2026-05-18,1,6,1.0,0.0,H,True,test
1888,2026-05-19,3,18,1.0,1.0,D,True,test
1889,2026-05-19,7,26,2.0,1.0,H,True,test
1890,2026-05-24,5,19,0.0,3.0,A,True,test
1891,2026-05-24,6,29,1.0,1.0,D,True,test
1892,2026-05-24,9,1,1.0,2.0,A,True,test
1893,2026-05-24,11,20,2.0,0.0,H,True,test
1894,2026-05-24,16,4,1.0,1.0,D,True,test
1895,2026-05-24,18,2,1.0,2.0,A,True,test
1896,2026-05-24,22,3,1.0,1.0,D,True,test
1897,2026-05-24,25,7,2.0,1.0,H,True,test
1898,2026-05-24,26,10,1.0,0.0,H,True,test
1899,2026-05-24,28,14,3.0,0.0,H,True,test
1900,2026-08-21,1,8,3.0,0.0,H,True,test
1901,2026-08-22,4,26,3.0,0.0,H,True,test
1902,2026-08-22,10,9,2.0,0.0,H,True,test
1903,2026-08-22,12,19,2.0,0.0,H,True,test
1904,2026-08-22,13,25,2.0,1.0,H,True,test
1905,2026-08-22,22,14,0.0,1.0,A,True,test
1906,2026-08-23,5,2,4.0,0.0,H,True,test
1907,2026-08-23,18,3,2.0,1.0,H,True,test
1908,2026-08-23,20,16,2.0,2.0,D,True,test
1909,2026-08-24,11,7,2.0,3.0,A,True,test
1910,2026-08-28,9,18,1.0,4.0,A,True,test
1911,2026-08-29,3,10,1.0,1.0,D,True,test
1912,2026-08-29,8,12,0.0,1.0,A,True,test
1913,2026-08-29,16,22,2.0,2.0,D,True,test
1914,2026-08-29,26,20,0.0,2.0,A,True,test
1915,2026-08-30,7,5,4.0,3.0,H,True,test
1916,2026-08-30,14,4,1.0,1.0,D,True,test
1917,2026-08-30,19,13,5.0,2.0,H,True,test
1918,2026-08-30,25,11,1.0,0.0,H,True,test
1919,2026-08-31,2,1,0.0,1.0,A,True,test
1920,2026-09-04,13,16,0.0,2.0,A,True,test
1921,2026-09-05,4,25,1.0,1.0,D,True,test
1922,2026-09-05,5,14,1.0,1.0,D,True,test
1923,2026-09-05,11,9,2.0,3.0,A,True,test
1924,2026-09-05,12,2,0.0,0.0,D,True,test
1925,2026-09-05,18,8,1.0,0.0,H,True,test
1926,2026-09-05,20,3,2.0,2.0,D,True,test
1927,2026-09-05,22,26,0.0,0.0,D,True,test
1928,2026-09-06,1,7,2.0,1.0,H,True,test
1929,2026-09-06,10,19,2.0,2.0,D,True,test
1930,2026-09-12,2,22,1.0,2.0,A,True,test
1931,2026-09-12,3,4,2.0,2.0,D,True,test
1932,2026-09-12,7,12,2.0,2.0,D,True,test
1933,2026-09-12,9,13,2.0,3.0,A,True,test
1934,2026-09-12,16,11,0.0,0.0,D,True,test
1935,2026-09-12,25,1,0.0,2.0,A,True,test
1936,2026-09-12,26,10,0.0,0.0,D,True,test
1937,2026-09-13,8,5,0.0,5.0,A,True,test
1938,2026-09-13,19,18,0.0,1.0,A,True,test
1939,2026-09-14,14,20,4.0,1.0,H,True,test
1940,2026-09-18,4,7,3.0,0.0,H,True,test
1941,2026-09-19,5,1,3.0,0.0,H,True,test
1942,2026-09-19,10,13,1.0,0.0,H,True,test
1943,2026-09-19,20,12,2.0,1.0,H,True,test
1944,2026-09-19,22,8,0.0,1.0,A,True,test
1945,2026-09-19,26,2,2.0,3.0,A,True,test
1946,2026-09-20,3,16,0.0,1.0,A,True,test
1947,2026-09-20,11,19,1.0,1.0,D,True,test
1948,2026-09-20,14,9,0.0,0.0,D,True,test
1949,2026-09-20,18,25,5.0,3.0,H,True,test
1950,2026-10-10,1,14,,,,False,pending
1951,2026-10-10,2,4,,,,False,pending
1952,2026-10-10,7,3,,,,False,pending
1953,2026-10-10,13,11,,,,False,pending
1954,2026-10-10,19,26,,,,False,pending
1955,2026-10-10,25,5,,,,False,pending
1956,2026-10-11,9,22,,,,False,pending
1957,2026-10-11,12,10,,,,False,pending
1958,2026-10-11,16,18,,,,False,pending
1959,2026-10-12,8,20,,,,False,pending
1960,2026-10-17,4,16,,,,False,pending
1961,2026-10-17,10,7,,,,False,pending
1962,2026-10-17,11,12,,,,False,pending
1963,2026-10-17,18,13,,,,False,pending
1964,2026-10-17,20,2,,,,False,pending
1965,2026-10-18,3,25,,,,False,pending
1966,2026-10-18,5,9,,,,False,pending
1967,2026-10-18,14,19,,,,False,pending
1968,2026-10-18,22,1,,,,False,pending
1969,2026-10-19,26,8,,,,False,pending
1970,2026-10-23,13,22,,,,False,pending
1971,2026-10-24,1,10,,,,False,pending
1972,2026-10-24,2,18,,,,False,pending
1973,2026-10-24,7,26,,,,False,pending
1974,2026-10-24,8,11,,,,False,pending
1975,2026-10-25,9,20,,,,False,pending
1976,2026-10-25,12,4,,,,False,pending
1977,2026-10-25,16,5,,,,False,pending
1978,2026-10-25,19,3,,,,False,pending
1979,2026-10-25,25,14,,,,False,pending
1980,2026-10-31,2,11,,,,False,pending
1981,2026-10-31,3,14,,,,False,pending
1982,2026-10-31,4,22,,,,False,pending
1983,2026-10-31,7,19,,,,False,pending
1984,2026-10-31,8,25,,,,False,pending
1985,2026-10-31,12,13,,,,False,pending
1986,2026-10-31,18,5,,,,False,pending
1987,2026-10-31,26,9,,,,False,pending
1988,2026-11-01,16,1,,,,False,pending
1989,2026-11-02,20,10,,,,False,pending
1990,2026-11-06,10,8,,,,False,pending
1991,2026-11-07,1,12,,,,False,pending
1992,2026-11-07,11,20,,,,False,pending
1993,2026-11-07,14,26,,,,False,pending
1994,2026-11-07,22,18,,,,False,pending
1995,2026-11-08,5,4,,,,False,pending
1996,2026-11-08,9,16,,,,False,pending
1997,2026-11-08,13,3,,,,False,pending
1998,2026-11-08,19,2,,,,False,pending
1999,2026-11-08,25,7,,,,False,pending
2000,2026-11-21,2,25,,,,False,pending
2001,2026-11-21,3,22,,,,False,pending
2002,2026-11-21,7,14,,,,False,pending
2003,2026-11-21,8,9,,,,False,pending
2004,2026-11-21,18,11,,,,False,pending
2005,2026-11-21,20,1,,,,False,pending
2006,2026-11-21,26,13,,,,False,pending
2007,2026-11-22,12,5,,,,False,pending
2008,2026-11-22,16,19,,,,False,pending
2009,2026-11-23,4,10,,,,False,pending
2010,2026-11-27,22,7,,,,False,pending
2011,2026-11-28,13,2,,,,False,pending
2012,2026-11-28,14,8,,,,False,pending
2013,2026-11-28,19,4,,,,False,pending
2014,2026-11-29,1,18,,,,False,pending
2015,2026-11-29,5,20,,,,False,pending
2016,2026-11-29,9,12,,,,False,pending
2017,2026-11-29,10,16,,,,False,pending
2018,2026-11-29,11,3,,,,False,pending
2019,2026-11-29,25,26,,,,False,pending
2020,2026-12-02,2,10,,,,False,pending
2021,2026-12-02,3,5,,,,False,pending
2022,2026-12-02,4,1,,,,False,pending
2023,2026-12-02,7,9,,,,False,pending
2024,2026-12-02,8,13,,,,False,pending
2025,2026-12-02,12,22,,,,False,pending
2026,2026-12-02,16,25,,,,False,pending
2027,2026-12-02,18,14,,,,False,pending
2028,2026-12-02,20,19,,,,False,pending
2029,2026-12-02,26,11,,,,False,pending
2030,2026-12-05,2,9,,,,False,pending
2031,2026-12-05,3,12,,,,False,pending
2032,2026-12-05,4,18,,,,False,pending
2033,2026-12-05,7,16,,,,False,pending
2034,2026-12-05,10,11,,,,False,pending
2035,2026-12-05,14,13,,,,False,pending
2036,2026-12-05,19,8,,,,False,pending
2037,2026-12-05,20,25,,,,False,pending
2038,2026-12-05,22,5,,,,False,pending
2039,2026-12-05,26,1,,,,False,pending
2040,2026-12-12,1,3,,,,False,pending
2041,2026-12-12,5,10,,,,False,pending
2042,2026-12-12,8,2,,,,False,pending
2043,2026-12-12,9,19,,,,False,pending
2044,2026-12-12,11,4,,,,False,pending
2045,2026-12-12,12,26,,,,False,pending
2046,2026-12-12,13,20,,,,False,pending
2047,2026-12-12,16,14,,,,False,pending
2048,2026-12-12,18,7,,,,False,pending
2049,2026-12-12,25,22,,,,False,pending
2050,2026-12-19,1,19,,,,False,pending
2051,2026-12-19,3,8,,,,False,pending
2052,2026-12-19,4,20,,,,False,pending
2053,2026-12-19,5,13,,,,False,pending
2054,2026-12-19,7,2,,,,False,pending
2055,2026-12-19,14,11,,,,False,pending
2056,2026-12-19,16,26,,,,False,pending
2057,2026-12-19,18,12,,,,False,pending
2058,2026-12-19,22,10,,,,False,pending
2059,2026-12-19,25,9,,,,False,pending
2060,2026-12-26,2,14,,,,False,pending
2061,2026-12-26,10,25,,,,False,pending
2062,2026-12-26,11,5,,,,False,pending
2063,2026-12-26,12,16,,,,False,pending
2064,2026-12-26,13,4,,,,False,pending
2065,2026-12-26,20,18,,,,False,pending
2066,2026-12-26,26,3,,,,False,pending
2067,2026-12-27,8,7,,,,False,pending
2068,2026-12-27,9,1,,,,False,pending
2069,2026-12-27,19,22,,,,False,pending
2070,2026-12-29,10,18,,,,False,pending
2071,2026-12-29,12,14,,,,False,pending
2072,2026-12-29,26,5,,,,False,pending
2073,2026-12-30,2,16,,,,False,pending
2074,2026-12-30,8,4,,,,False,pending
2075,2026-12-30,9,3,,,,False,pending
2076,2026-12-30,11,1,,,,False,pending
2077,2026-12-30,13,7,,,,False,pending
2078,2026-12-30,19,25,,,,False,pending
2079,2026-12-30,20,22,,,,False,pending
2080,2027-01-01,14,10,,,,False,pending
2081,2027-01-02,1,13,,,,False,pending
2082,2027-01-02,3,2,,,,False,pending
2083,2027-01-02,4,9,,,,False,pending
2084,2027-01-02,5,19,,,,False,pending
2085,2027-01-02,16,8,,,,False,pending
2086,2027-01-02,22,11,,,,False,pending
2087,2027-01-02,25,12,,,,False,pending
2088,2027-01-03,7,20,,,,False,pending
2089,2027-01-03,18,26,,,,False,pending
2090,2027-01-05,1,4,,,,False,pending
2091,2027-01-05,5,3,,,,False,pending
2092,2027-01-05,10,2,,,,False,pending
2093,2027-01-05,22,12,,,,False,pending
2094,2027-01-05,25,16,,,,False,pending
2095,2027-01-06,9,7,,,,False,pending
2096,2027-01-06,11,26,,,,False,pending
2097,2027-01-06,13,8,,,,False,pending
2098,2027-01-06,14,18,,,,False,pending
2099,2027-01-07,19,20,,,,False,pending
2100,2027-01-16,2,19,,,,False,pending
2101,2027-01-16,3,13,,,,False,pending
2102,2027-01-16,4,5,,,,False,pending
2103,2027-01-16,7,25,,,,False,pending
2104,2027-01-16,8,10,,,,False,pending
2105,2027-01-16,12,1,,,,False,pending
2106,2027-01-16,16,9,,,,False,pending
2107,2027-01-16,18,22,,,,False,pending
2108,2027-01-16,20,11,,,,False,pending
2109,2027-01-16,26,14,,,,False,pending
2110,2027-01-23,1,20,,,,False,pending
2111,2027-01-23,5,18,,,,False,pending
2112,2027-01-23,9,26,,,,False,pending
2113,2027-01-23,10,4,,,,False,pending
2114,2027-01-23,11,2,,,,False,pending
2115,2027-01-23,13,12,,,,False,pending
2116,2027-01-23,14,7,,,,False,pending
2117,2027-01-23,19,16,,,,False,pending
2118,2027-01-23,22,3,,,,False,pending
2119,2027-01-23,25,8,,,,False,pending
2120,2027-01-30,2,13,,,,False,pending
2121,2027-01-30,3,11,,,,False,pending
2122,2027-01-30,4,19,,,,False,pending
2123,2027-01-30,7,22,,,,False,pending
2124,2027-01-30,8,14,,,,False,pending
2125,2027-01-30,12,9,,,,False,pending
2126,2027-01-30,16,10,,,,False,pending
2127,2027-01-30,18,1,,,,False,pending
2128,2027-01-30,20,5,,,,False,pending
2129,2027-01-30,26,25,,,,False,pending
2130,2027-02-06,1,16,,,,False,pending
2131,2027-02-06,5,12,,,,False,pending
2132,2027-02-06,9,8,,,,False,pending
2133,2027-02-06,10,20,,,,False,pending
2134,2027-02-06,11,18,,,,False,pending
2135,2027-02-06,13,26,,,,False,pending
2136,2027-02-06,14,3,,,,False,pending
2137,2027-02-06,19,7,,,,False,pending
2138,2027-02-06,22,4,,,,False,pending
2139,2027-02-06,25,2,,,,False,pending
2140,2027-02-10,2,3,,,,False,pending
2141,2027-02-10,8,16,,,,False,pending
2142,2027-02-10,9,4,,,,False,pending
2143,2027-02-10,10,14,,,,False,pending
2144,2027-02-10,11,22,,,,False,pending
2145,2027-02-10,12,25,,,,False,pending
2146,2027-02-10,13,1,,,,False,pending
2147,2027-02-10,19,5,,,,False,pending
2148,2027-02-10,20,7,,,,False,pending
2149,2027-02-10,26,18,,,,False,pending
2150,2027-02-20,1,11,,,,False,pending
2151,2027-02-20,3,9,,,,False,pending
2152,2027-02-20,4,8,,,,False,pending
2153,2027-02-20,5,26,,,,False,pending
2154,2027-02-20,7,13,,,,False,pending
2155,2027-02-20,14,2,,,,False,pending
2156,2027-02-20,16,12,,,,False,pending
2157,2027-02-20,18,20,,,,False,pending
2158,2027-02-20,22,19,,,,False,pending
2159,2027-02-20,25,10,,,,False,pending
2160,2027-02-27,2,7,,,,False,pending
2161,2027-02-27,8,3,,,,False,pending
2162,2027-02-27,9,25,,,,False,pending
2163,2027-02-27,10,22,,,,False,pending
2164,2027-02-27,11,14,,,,False,pending
2165,2027-02-27,12,18,,,,False,pending
2166,2027-02-27,13,5,,,,False,pending
2167,2027-02-27,19,1,,,,False,pending
2168,2027-02-27,20,4,,,,False,pending
2169,2027-02-27,26,16,,,,False,pending
2170,2027-03-03,1,9,,,,False,pending
2171,2027-03-03,3,26,,,,False,pending
2172,2027-03-03,4,13,,,,False,pending
2173,2027-03-03,5,11,,,,False,pending
2174,2027-03-03,7,8,,,,False,pending
2175,2027-03-03,14,12,,,,False,pending
2176,2027-03-03,16,2,,,,False,pending
2177,2027-03-03,18,10,,,,False,pending
2178,2027-03-03,22,20,,,,False,pending
2179,2027-03-03,25,19,,,,False,pending
2180,2027-03-13,2,12,,,,False,pending
2181,2027-03-13,3,20,,,,False,pending
2182,2027-03-13,7,1,,,,False,pending
2183,2027-03-13,8,18,,,,False,pending
2184,2027-03-13,9,11,,,,False,pending
2185,2027-03-13,14,5,,,,False,pending
2186,2027-03-13,16,13,,,,False,pending
2187,2027-03-13,19,10,,,,False,pending
2188,2027-03-13,25,4,,,,False,pending
2189,2027-03-13,26,22,,,,False,pending
2190,2027-03-20,1,25,,,,False,pending
2191,2027-03-20,4,3,,,,False,pending
2192,2027-03-20,5,8,,,,False,pending
2193,2027-03-20,10,26,,,,False,pending
2194,2027-03-20,11,16,,,,False,pending
2195,2027-03-20,12,7,,,,False,pending
2196,2027-03-20,13,9,,,,False,pending
2197,2027-03-20,18,19,,,,False,pending
2198,2027-03-20,20,14,,,,False,pending
2199,2027-03-20,22,2,,,,False,pending
2200,2027-04-10,2,5,,,,False,pending
2201,2027-04-10,3,18,,,,False,pending
2202,2027-04-10,7,11,,,,False,pending
2203,2027-04-10,8,1,,,,False,pending
2204,2027-04-10,9,10,,,,False,pending
2205,2027-04-10,14,22,,,,False,pending
2206,2027-04-10,16,20,,,,False,pending
2207,2027-04-10,19,12,,,,False,pending
2208,2027-04-10,25,13,,,,False,pending
2209,2027-04-10,26,4,,,,False,pending
2210,2027-04-17,1,2,,,,False,pending
2211,2027-04-17,4,14,,,,False,pending
2212,2027-04-17,5,7,,,,False,pending
2213,2027-04-17,10,3,,,,False,pending
2214,2027-04-17,11,25,,,,False,pending
2215,2027-04-17,12,8,,,,False,pending
2216,2027-04-17,13,19,,,,False,pending
2217,2027-04-17,18,9,,,,False,pending
2218,2027-04-17,20,26,,,,False,pending
2219,2027-04-17,22,16,,,,False,pending
2220,2027-04-24,2,8,,,,False,pending
2221,2027-04-24,3,1,,,,False,pending
2222,2027-04-24,4,11,,,,False,pending
2223,2027-04-24,7,18,,,,False,pending
2224,2027-04-24,10,5,,,,False,pending
2225,2027-04-24,14,16,,,,False,pending
2226,2027-04-24,19,9,,,,False,pending
2227,2027-04-24,20,13,,,,False,pending
2228,2027-04-24,22,25,,,,False,pending
2229,2027-04-24,26,12,,,,False,pending
2230,2027-05-01,1,26,,,,False,pending
2231,2027-05-01,5,22,,,,False,pending
2232,2027-05-01,8,19,,,,False,pending
2233,2027-05-01,9,2,,,,False,pending
2234,2027-05-01,11,10,,,,False,pending
2235,2027-05-01,12,3,,,,False,pending
2236,2027-05-01,13,14,,,,False,pending
2237,2027-05-01,16,7,,,,False,pending
2238,2027-05-01,18,4,,,,False,pending
2239,2027-05-01,25,20,,,,False,pending
2240,2027-05-08,3,19,,,,False,pending
2241,2027-05-08,4,2,,,,False,pending
2242,2027-05-08,5,25,,,,False,pending
2243,2027-05-08,10,12,,,,False,pending
2244,2027-05-08,11,13,,,,False,pending
2245,2027-05-08,14,1,,,,False,pending
2246,2027-05-08,18,16,,,,False,pending
2247,2027-05-08,20,8,,,,False,pending
2248,2027-05-08,22,9,,,,False,pending
2249,2027-05-08,26,7,,,,False,pending
2250,2027-05-15,1,22,,,,False,pending
2251,2027-05-15,2,20,,,,False,pending
2252,2027-05-15,7,10,,,,False,pending
2253,2027-05-15,8,26,,,,False,pending
2254,2027-05-15,9,5,,,,False,pending
2255,2027-05-15,12,11,,,,False,pending
2256,2027-05-15,13,18,,,,False,pending
2257,2027-05-15,16,4,,,,False,pending
2258,2027-05-15,19,14,,,,False,pending
2259,2027-05-15,25,3,,,,False,pending
2260,2027-05-23,3,7,,,,False,pending
2261,2027-05-23,4,12,,,,False,pending
2262,2027-05-23,5,16,,,,False,pending
2263,2027-05-23,10,1,,,,False,pending
2264,2027-05-23,11,8,,,,False,pending
2265,2027-05-23,14,25,,,,False,pending
2266,2027-05-23,18,2,,,,False,pending
2267,2027-05-23,20,9,,,,False,pending
2268,2027-05-23,22,13,,,,False,pending
2269,2027-05-23,26,19,,,,False,pending
2270,2027-05-30,1,5,,,,False,pending
2271,2027-05-30,2,26,,,,False,pending
2272,2027-05-30,7,4,,,,False,pending
2273,2027-05-30,8,22,,,,False,pending
2274,2027-05-30,9,14,,,,False,pending
2275,2027-05-30,12,20,,,,False,pending
2276,2027-05-30,13,10,,,,False,pending
2277,2027-05-30,16,3,,,,False,pending
2278,2027-05-30,19,11,,,,False,pending
2279,2027-05-30,25,18,,,,False,pending
